Rk,Player,SO,Season,Age,Team,Lg,W,L,W-L%,Dec,ERA,G,GS,CG,SHO,SV,IP,H,R,ER,HR,BB,IBB,SO,HBP,BK,WP,BF,ERA+,FIP,WHIP,H9,HR9,BB9,SO9,SO/BB,Pos,Player-additional
1,Garrett Crochet,255,2025,26,BOS,AL,18,5,.783,23,2.59,32,32,1,1,0,205.1,165,62,59,24,46,0,255,3,3,7,814,155,2.89,1.028,7.2,1.1,2.0,11.2,5.54,1,crochga01
2,Tarik Skubal,241,2025,28,DET,AL,13,6,.684,19,2.21,31,31,1,1,0,195.1,141,55,48,18,33,0,241,5,2,3,748,187,2.45,0.891,6.5,0.8,1.5,11.1,7.30,1,skubata01
3,Logan Webb,224,2025,28,SFG,NL,15,11,.577,26,3.22,34,34,0,0,0,207.0,210,82,74,14,46,0,224,6,0,2,856,124,2.60,1.237,9.1,0.6,2.0,9.7,4.87,1,webblo01
4,Jesús Luzardo,216,2025,27,PHI,NL,15,7,.682,22,3.92,32,32,0,0,0,183.2,167,85,80,16,57,0,216,3,1,2,758,112,2.90,1.220,8.2,0.8,2.8,10.6,3.79,1,luzarje01
5,Paul Skenes,216,2025,23,PIT,NL,10,10,.500,20,1.97,32,32,1,0,0,187.2,136,45,41,11,42,0,216,6,0,2,733,224,2.36,0.948,6.5,0.5,2.0,10.4,5.14,1,skenepa01
6,Dylan Cease,215,2025,29,SDP,NL,8,12,.400,20,4.55,32,32,0,0,0,168.0,152,91,85,21,71,2,215,5,0,5,722,92,3.56,1.327,8.1,1.1,3.8,11.5,3.03,1,ceasedy01
7,Cristopher Sánchez,212,2025,28,PHI,NL,13,5,.722,18,2.50,32,32,1,0,0,202.0,171,58,56,12,44,0,212,6,1,6,807,176,2.55,1.064,7.6,0.5,2.0,9.4,4.82,1,sanchcr01
8,Hunter Brown,206,2025,26,HOU,AL,12,9,.571,21,2.43,31,31,1,0,0,185.1,133,55,50,17,57,1,206,7,1,0,729,171,3.14,1.025,6.5,0.8,2.8,10.0,3.61,1,brownhu01
9,Freddy Peralta,204,2025,29,MIL,NL,17,6,.739,23,2.70,33,33,0,0,0,176.2,124,54,53,21,66,0,204,9,2,4,723,155,3.64,1.075,6.3,1.1,3.4,10.4,3.09,1,peralfr01
10,Carlos Rodón,203,2025,32,NYY,AL,18,9,.667,27,3.09,33,33,0,0,0,195.1,132,74,67,22,73,0,203,9,0,4,789,132,3.78,1.049,6.1,1.0,3.4,9.4,2.78,1,rodonca01
11,Sonny Gray,201,2025,35,STL,NL,14,8,.636,22,4.28,32,32,1,1,0,180.2,185,93,86,25,38,0,201,3,0,2,753,96,3.39,1.234,9.2,1.2,1.9,10.0,5.29,1,grayso01
12,Yoshinobu Yamamoto,201,2025,26,LAD,NL,12,8,.600,20,2.49,30,30,0,0,0,173.2,113,53,48,14,59,0,201,3,0,5,684,165,2.94,0.990,5.9,0.7,3.1,10.4,3.41,1,yamamyo01
13,Bryan Woo,198,2025,25,SEA,AL,15,7,.682,22,2.94,30,30,0,0,0,186.2,137,64,61,26,36,0,198,4,0,3,731,130,3.47,0.927,6.6,1.3,1.7,9.5,5.50,1,woobr01
14,Zack Wheeler,195,2025,35,PHI,NL,10,5,.667,15,2.71,24,24,1,0,0,149.2,107,48,45,19,33,0,195,8,0,2,585,163,3.00,0.935,6.4,1.1,2.0,11.7,5.91,1,wheelza01
15,Joe Ryan,194,2025,29,MIN,AL,13,10,.565,23,3.42,31,30,0,0,0,171.0,138,69,65,26,39,0,194,12,2,0,689,124,3.74,1.035,7.3,1.4,2.1,10.2,4.97,1,ryanjo04
16,Nick Pivetta,190,2025,32,SDP,NL,13,5,.722,18,2.87,31,31,0,0,0,181.2,129,63,58,22,50,1,190,3,0,1,721,146,3.49,0.985,6.4,1.1,2.5,9.4,3.80,1,pivetni01
17,Max Fried,189,2025,31,NYY,AL,19,5,.792,24,2.86,32,32,0,0,0,195.1,164,73,62,14,51,0,189,10,1,8,801,142,3.07,1.101,7.6,0.6,2.3,8.7,3.71,1,friedma01
18,Kevin Gausman,189,2025,34,TOR,AL,10,11,.476,21,3.59,32,32,1,1,0,193.0,155,79,77,21,50,2,189,3,2,1,775,121,3.41,1.062,7.2,1.0,2.3,8.8,3.78,1,gausmke01
19,Jack Flaherty,188,2025,29,DET,AL,8,15,.348,23,4.64,31,31,0,0,0,161.0,147,85,83,23,59,1,188,5,0,4,681,89,3.85,1.280,8.2,1.3,3.3,10.5,3.19,1,flaheja01
20,Framber Valdez,187,2025,31,HOU,AL,13,11,.542,24,3.66,31,31,2,0,0,192.0,171,82,78,15,68,0,187,7,1,12,802,113,3.37,1.245,8.0,0.7,3.2,8.8,2.75,1,valdefr01
21,Robbie Ray,186,2025,33,SFG,NL,11,8,.579,19,3.65,32,32,1,0,0,182.1,148,81,74,22,73,0,186,4,1,7,755,109,3.93,1.212,7.3,1.1,3.6,9.2,2.55,1,rayro02
22,Jacob deGrom,185,2025,37,TEX,AL,12,8,.600,20,2.97,30,30,0,0,0,172.2,122,57,57,26,37,0,185,3,0,3,669,124,3.64,0.921,6.4,1.4,1.9,9.6,5.00,1,degroja01
23,MacKenzie Gore,185,2025,26,WSN,NL,5,15,.250,20,4.17,30,30,0,0,0,159.2,152,75,74,20,64,0,185,5,0,12,680,99,3.74,1.353,8.6,1.1,3.6,10.4,2.89,1,gorema01
24,Shane Baz,176,2025,26,TBR,AL,10,12,.455,22,4.87,31,31,0,0,0,166.1,158,91,90,26,64,0,176,9,0,3,711,85,4.37,1.335,8.5,1.4,3.5,9.5,2.75,1,bazsh01
25,Zac Gallen,175,2025,29,ARI,NL,13,15,.464,28,4.83,33,33,0,0,0,192.0,176,109,103,31,66,1,175,4,0,2,813,89,4.50,1.260,8.3,1.5,3.1,8.2,2.65,1,galleza01
26,Yusei Kikuchi,174,2025,34,LAA,AL,7,11,.389,18,3.99,33,33,0,0,0,178.1,180,87,79,24,74,3,174,3,0,8,772,104,4.23,1.424,9.1,1.2,3.7,8.8,2.35,1,kikucyu01
27,Logan Gilbert,173,2025,28,SEA,AL,6,6,.500,12,3.44,25,25,0,0,0,131.0,104,53,50,20,31,0,173,7,0,10,535,111,3.35,1.031,7.1,1.4,2.1,11.9,5.58,1,gilbelo01
28,Gavin Williams,173,2025,25,CLE,AL,12,5,.706,17,3.06,31,31,0,0,0,167.2,130,62,57,23,83,0,173,3,1,9,704,134,4.39,1.270,7.0,1.2,4.5,9.3,2.08,1,williga01
29,Will Warren,171,2025,26,NYY,AL,9,8,.529,17,4.44,33,33,0,0,0,162.1,158,90,80,22,65,0,171,4,1,2,711,92,4.07,1.374,8.8,1.2,3.6,9.5,2.63,1,warrewi01
30,Merrill Kelly,167,2025,36,ARITEX,ALNL,12,9,.571,21,3.52,32,32,0,0,0,184.0,157,79,72,23,48,0,167,2,2,1,748,117,3.76,1.114,7.7,1.1,2.3,8.2,3.48,1,kellyme01
31,Ryan Pepiot,167,2025,27,TBR,AL,11,12,.478,23,3.86,31,31,0,0,0,167.2,134,77,72,26,61,0,167,6,0,5,679,107,4.36,1.163,7.2,1.4,3.3,9.0,2.74,1,pepiory01
32,Chris Bassitt,166,2025,36,TOR,AL,11,9,.550,20,3.96,32,31,1,0,0,170.1,174,80,75,22,52,0,166,13,3,4,736,110,4.01,1.327,9.2,1.2,2.7,8.8,3.19,1,bassich01
33,Chris Sale,165,2025,36,ATL,NL,7,5,.583,12,2.58,21,20,0,0,0,125.2,102,38,36,11,32,0,165,11,0,3,510,158,2.67,1.066,7.3,0.8,2.3,11.8,5.16,1,salech01
34,Brady Singer,163,2025,28,CIN,NL,14,12,.538,26,4.03,32,32,0,0,0,169.2,150,80,76,19,60,0,163,14,0,3,716,111,3.98,1.238,8.0,1.0,3.2,8.6,2.72,1,singebr01
35,Tanner Bibee,162,2025,26,CLE,AL,12,11,.522,23,4.24,31,31,2,1,0,182.1,170,93,86,27,54,1,162,10,1,3,762,97,4.34,1.229,8.4,1.3,2.7,8.0,3.00,1,bibeeta01
36,Luis Castillo,162,2025,32,SEA,AL,11,8,.579,19,3.54,32,32,0,0,0,180.2,168,76,71,23,46,0,162,7,0,3,745,108,3.88,1.185,8.4,1.1,2.3,8.1,3.52,1,castilu02
37,Nick Lodolo,156,2025,27,CIN,NL,9,8,.529,17,3.33,29,28,2,1,0,156.2,138,60,58,22,31,1,156,13,1,2,642,135,3.81,1.079,7.9,1.3,1.8,9.0,5.03,1,lodolni01
38,Matthew Boyd,154,2025,34,CHC,NL,14,8,.636,22,3.21,31,31,0,0,0,179.2,154,69,64,19,42,0,154,9,0,2,718,121,3.65,1.091,7.7,1.0,2.1,7.7,3.67,1,boydma01
39,José Soriano,152,2025,26,LAA,AL,10,11,.476,21,4.26,31,31,0,0,0,169.0,158,89,80,12,78,0,152,5,0,8,724,97,3.73,1.396,8.4,0.6,4.2,8.1,1.95,1,soriajo02
40,Ranger Suárez,151,2025,29,PHI,NL,12,8,.600,20,3.20,26,26,0,0,0,157.1,154,57,56,14,38,0,151,6,0,0,651,137,3.21,1.220,8.8,0.8,2.2,8.6,3.97,1,suarera01
41,Edward Cabrera,150,2025,27,MIA,NL,8,7,.533,15,3.53,26,26,0,0,0,137.2,121,60,54,17,48,0,150,10,0,8,581,122,3.83,1.228,7.9,1.1,3.1,9.8,3.13,1,cabreed02
42,Mitch Keller,150,2025,29,PIT,NL,6,15,.286,21,4.19,32,32,0,0,0,176.1,171,91,82,21,51,0,150,10,0,5,749,105,4.02,1.259,8.7,1.1,2.6,7.7,2.94,1,kellemi03
43,David Peterson,150,2025,29,NYM,NL,9,6,.600,15,4.22,30,30,1,1,0,168.2,166,84,79,11,65,1,150,7,1,3,723,97,3.48,1.370,8.9,0.6,3.5,8.0,2.31,1,peterda01
44,Andrew Abbott,149,2025,26,CIN,NL,10,7,.588,17,2.87,29,29,1,1,0,166.1,148,60,53,19,43,0,149,3,0,4,684,156,3.66,1.148,8.0,1.0,2.3,8.1,3.47,1,abbotan01
45,Charlie Morton,149,2025,41,ATLBALDET,ALNL,9,11,.450,20,5.83,33,27,0,0,0,142.0,152,94,92,23,72,2,149,14,2,3,654,70,4.96,1.577,9.6,1.5,4.6,9.4,2.07,1,mortoch02
46,Jack Leiter,148,2025,25,TEX,AL,10,10,.500,20,3.86,29,29,0,0,0,151.2,127,69,65,18,67,0,148,5,1,10,646,96,4.15,1.279,7.5,1.1,4.0,8.8,2.21,1/H,leiteja01
47,Brandon Pfaadt,147,2025,26,ARI,NL,13,9,.591,22,5.25,33,33,0,0,0,176.2,198,107,103,26,37,2,147,12,0,3,767,81,4.22,1.330,10.1,1.3,1.9,7.5,3.97,1,pfaadbr01
48,Shane Smith,145,2025,25,CHW,AL,7,8,.467,15,3.81,29,29,0,0,0,146.1,117,70,62,17,58,1,145,12,0,8,616,110,4.10,1.196,7.2,1.0,3.6,8.9,2.50,1,smithsh02
49,Eduardo Rodríguez,143,2025,32,ARI,NL,9,9,.500,18,5.02,29,29,0,0,0,154.1,178,94,86,25,60,2,143,1,1,4,694,85,4.57,1.542,10.4,1.5,3.5,8.3,2.38,1,rodried05
50,Sandy Alcantara,142,2025,29,MIA,NL,11,12,.478,23,5.36,31,31,0,0,0,174.2,165,107,104,22,57,0,142,9,2,8,745,81,4.28,1.271,8.5,1.1,2.9,7.3,2.49,1,alcansa01
51,Dean Kremer,142,2025,29,BAL,AL,11,10,.524,21,4.19,31,29,0,0,0,171.2,163,83,80,22,45,0,142,2,1,9,708,96,3.97,1.212,8.5,1.2,2.4,7.4,3.16,1,kremede01
52,Casey Mize,139,2025,28,DET,AL,14,6,.700,20,3.87,28,28,0,0,0,149.0,153,68,64,21,36,1,139,3,0,2,627,107,3.89,1.268,9.2,1.3,2.2,8.4,3.86,1,mizeca01
53,José Berríos,138,2025,31,TOR,AL,9,5,.643,14,4.17,31,30,0,0,0,166.0,160,86,77,26,56,2,138,7,1,1,698,104,4.65,1.301,8.7,1.4,3.0,7.5,2.46,1,berrijo01
54,Jeffrey Springs,138,2025,32,ATH,AL,11,11,.500,22,4.11,32,30,0,0,0,171.0,153,90,78,28,54,0,138,3,3,0,713,105,4.65,1.211,8.1,1.5,2.8,7.3,2.56,1,sprinje01
55,George Kirby,137,2025,27,SEA,AL,10,8,.556,18,4.21,23,23,0,0,0,126.0,121,60,59,15,29,0,137,7,0,3,524,91,3.37,1.190,8.6,1.1,2.1,9.8,4.72,1,kirbyge01
56,Justin Verlander,137,2025,42,SFG,NL,4,11,.267,15,3.85,29,29,0,0,0,152.0,155,74,65,16,52,1,137,6,0,2,662,103,3.85,1.362,9.2,0.9,3.1,8.1,2.63,1,verlaju01
57,Sean Burke,133,2025,25,CHW,AL,4,11,.267,15,4.22,28,22,0,0,0,134.1,131,76,63,23,63,0,133,6,0,2,596,99,4.92,1.444,8.8,1.5,4.2,8.9,2.11,1,burkese01
58,Hunter Greene,132,2025,25,CIN,NL,7,4,.636,11,2.76,19,19,1,1,0,107.2,75,35,33,15,26,0,132,2,0,5,420,163,3.27,0.938,6.3,1.3,2.2,11.0,5.08,1,greenhu01
59,Ryne Nelson,132,2025,27,ARI,NL,7,3,.700,10,3.39,33,23,0,0,1,154.0,124,62,58,17,41,0,132,4,0,1,619,126,3.73,1.071,7.2,1.0,2.4,7.7,3.22,1/H,nelsory01
60,Quinn Priester,132,2025,24,MIL,NL,13,3,.813,16,3.32,29,24,0,0,0,157.1,145,62,58,18,50,0,132,6,0,4,653,126,4.01,1.239,8.3,1.0,2.9,7.6,2.64,1,priesqu01
61,Patrick Corbin,131,2025,35,TEX,AL,7,11,.389,18,4.40,31,30,1,0,0,155.1,161,79,76,21,51,1,131,3,0,6,663,84,4.25,1.365,9.3,1.2,3.0,7.6,2.57,1,corbipa01
62,Bryce Elder,131,2025,26,ATL,NL,8,11,.421,19,5.30,28,28,0,0,0,156.1,167,95,92,24,51,1,131,6,0,2,679,77,4.55,1.394,9.6,1.4,2.9,7.5,2.57,1,elderbr01
63,Spencer Strider,131,2025,26,ATL,NL,7,14,.333,21,4.45,23,23,0,0,0,125.1,124,63,62,20,51,0,131,8,1,1,539,91,4.53,1.396,8.9,1.4,3.7,9.4,2.57,1,stridsp01
64,Zack Littell,130,2025,29,CINTBR,ALNL,10,8,.556,18,3.81,32,32,1,0,0,186.2,174,81,79,36,32,1,130,7,0,3,759,112,4.88,1.104,8.4,1.7,1.5,6.3,4.06,1,litteza01
65,Nathan Eovaldi,129,2025,35,TEX,AL,11,3,.786,14,1.73,22,22,1,1,0,130.0,90,28,25,10,21,1,129,7,0,6,496,214,2.80,0.854,6.2,0.7,1.5,8.9,6.14,1,eovalna01
66,Clay Holmes,129,2025,32,NYM,NL,12,8,.600,20,3.53,33,31,0,0,0,165.2,150,74,65,14,66,0,129,13,1,6,708,116,4.11,1.304,8.1,0.8,3.6,7.0,1.95,1,holmecl01
67,Taj Bradley,127,2025,24,MINTBR,AL,6,8,.429,14,5.05,27,27,0,0,0,142.2,131,88,80,19,56,0,127,4,1,7,605,83,4.35,1.311,8.3,1.2,3.5,8.0,2.27,1,bradlta01
68,Michael Lorenzen,127,2025,33,KCR,AL,7,11,.389,18,4.64,27,26,0,0,0,141.2,149,76,73,25,39,0,127,6,0,12,606,89,4.59,1.327,9.5,1.6,2.5,8.1,3.26,1,lorenmi01
69,Chad Patrick,127,2025,26,MIL,NL,3,8,.273,11,3.53,27,23,0,0,0,119.2,113,49,47,13,40,1,127,4,0,1,503,119,3.53,1.279,8.5,1.0,3.0,9.6,3.18,1,patrich01
70,Drew Rasmussen,127,2025,29,TBR,AL,10,5,.667,15,2.76,31,31,0,0,0,150.0,116,47,46,18,37,1,127,5,0,3,585,150,3.84,1.020,7.0,1.1,2.2,7.6,3.43,1,rasmudr01
71,Colin Rea,127,2025,34,CHC,NL,11,7,.611,18,3.95,32,27,0,0,1,159.1,155,73,70,20,44,0,127,6,0,2,662,99,4.11,1.249,8.8,1.1,2.5,7.2,2.89,1,reaco01
72,Michael Wacha,126,2025,33,KCR,AL,10,13,.435,23,3.86,31,31,0,0,0,172.2,166,74,74,15,45,0,126,4,0,2,716,106,3.66,1.222,8.7,0.8,2.3,6.6,2.80,1,wachami01
73,Seth Lugo,125,2025,35,KCR,AL,8,7,.533,15,4.15,26,26,0,0,0,145.1,133,70,67,27,55,1,125,6,0,5,611,99,5.09,1.294,8.2,1.7,3.4,7.7,2.27,1,lugose01
74,Brayan Bello,124,2025,26,BOS,AL,11,9,.550,20,3.35,29,28,1,0,0,166.2,147,71,62,16,59,0,124,13,0,5,700,120,4.19,1.236,7.9,0.9,3.2,6.7,2.10,1,bellobr01
75,Kyle Freeland,124,2025,32,COL,NL,5,17,.227,22,4.98,31,31,0,0,0,162.2,193,105,90,22,38,2,124,6,0,2,709,98,4.18,1.420,10.7,1.2,2.1,6.9,3.26,1,freelky01
76,Jake Irvin,124,2025,28,WSN,NL,9,13,.409,22,5.70,33,33,0,0,0,180.0,195,120,114,38,62,0,124,6,1,3,787,73,5.64,1.428,9.8,1.9,3.1,6.2,2.00,1,irvinja01
77,Luis Severino,124,2025,31,ATH,AL,8,11,.421,19,4.54,29,29,0,0,0,162.2,162,93,82,16,50,1,124,16,0,3,705,95,4.11,1.303,9.0,0.9,2.8,6.9,2.48,1,severlu01
78,Grant Holmes,123,2025,29,ATL,NL,4,9,.308,13,3.99,22,21,0,0,0,115.0,100,52,51,16,54,1,123,7,0,5,492,102,4.40,1.339,7.8,1.3,4.2,9.6,2.28,1,holmegr01
79,Dustin May,123,2025,27,BOSLAD,ALNL,7,11,.389,18,4.96,25,23,0,0,0,132.1,132,78,73,21,56,3,123,12,0,1,584,83,4.88,1.421,9.0,1.4,3.8,8.4,2.20,1,maydu01
80,Logan Allen,122,2025,26,CLE,AL,8,11,.421,19,4.25,30,29,0,0,0,156.2,157,84,74,18,62,1,122,6,0,4,676,97,4.37,1.398,9.0,1.0,3.6,7.0,1.97,1,allenlo02
81,Matthew Liberatore,122,2025,25,STL,NL,8,12,.400,20,4.21,29,29,0,0,0,151.2,158,79,71,19,40,0,122,4,0,6,648,97,4.03,1.305,9.4,1.1,2.4,7.2,3.05,1,liberma01
82,Ben Brown,121,2025,25,CHC,NL,5,8,.385,13,5.92,25,15,0,0,1,106.1,121,73,70,18,32,0,121,4,0,5,472,66,4.08,1.439,10.2,1.5,2.7,10.2,3.78,1,brownbe02
83,Lucas Giolito,121,2025,30,BOS,AL,10,4,.714,14,3.41,26,26,0,0,0,145.0,131,62,55,17,56,0,121,1,0,4,613,118,4.17,1.290,8.1,1.1,3.5,7.5,2.16,1,giolilu01
84,Bailey Ober,120,2025,29,MIN,AL,6,9,.400,15,5.10,27,27,1,0,0,146.1,159,84,83,30,31,0,120,5,2,1,624,83,4.90,1.298,9.8,1.8,1.9,7.4,3.87,1,oberba01
85,Cade Povich,118,2025,25,BAL,AL,3,8,.273,11,5.21,22,20,0,0,0,112.1,125,70,65,17,43,2,118,1,0,6,488,77,4.18,1.496,10.0,1.4,3.4,9.5,2.74,1,povicca01
86,Shota Imanaga,117,2025,31,CHC,NL,9,8,.529,17,3.73,25,25,0,0,0,144.2,117,62,60,31,26,0,117,1,0,1,567,104,4.86,0.988,7.3,1.9,1.6,7.3,4.50,1,imanash01
87,JP Sears,117,2025,29,ATHSDP,ALNL,9,11,.450,20,5.04,27,27,0,0,0,135.2,143,79,76,30,36,0,117,6,0,1,583,85,5.21,1.319,9.5,2.0,2.4,7.8,3.25,1,searsjp01
88,Kris Bubic,116,2025,27,KCR,AL,8,7,.533,15,2.55,20,20,0,0,0,116.1,98,38,33,6,39,1,116,3,0,1,476,161,2.89,1.178,7.6,0.5,3.0,9.0,2.97,1,bubickr01
89,Nick Martinez,116,2025,34,CIN,NL,11,14,.440,25,4.45,40,26,0,0,0,165.2,158,86,82,22,42,1,116,6,0,6,683,101,4.33,1.207,8.6,1.2,2.3,6.3,2.76,1,martini01
90,Noah Cameron,114,2025,25,KCR,AL,9,7,.563,16,2.99,24,24,0,0,0,138.1,109,46,46,18,43,1,114,3,0,3,556,137,4.18,1.099,7.1,1.2,2.8,7.4,2.65,1,camerno01
91,Kyle Hendricks,114,2025,35,LAA,AL,8,10,.444,18,4.76,31,31,0,0,0,164.2,167,92,87,25,43,3,114,5,0,0,695,87,4.60,1.275,9.1,1.4,2.4,6.2,2.65,1,hendrky01
92,Jacob Lopez,113,2025,27,ATH,AL,7,7,.500,14,4.08,21,17,0,0,0,92.2,81,47,42,15,37,0,113,8,1,0,399,106,4.26,1.273,7.9,1.5,3.6,11.0,3.05,1,lopezja04
93,Chris Paddack,112,2025,29,DETMIN,AL,5,12,.294,17,5.35,33,28,0,0,1,158.0,166,98,94,31,37,0,112,3,0,5,670,79,5.03,1.285,9.5,1.8,2.1,6.4,3.03,1,paddach01
94,Andre Pallante,111,2025,26,STL,NL,6,15,.286,21,5.31,31,31,0,0,0,162.2,173,109,96,21,62,0,111,5,2,12,715,77,4.68,1.445,9.6,1.2,3.4,6.1,1.79,1,pallaan01
95,Slade Cecconi,109,2025,26,CLE,AL,7,7,.500,14,4.30,23,23,0,0,0,132.0,125,66,63,24,32,1,109,3,1,3,545,96,4.64,1.189,8.5,1.6,2.2,7.4,3.41,1,ceccosl01
96,Kodai Senga,109,2025,32,NYM,NL,7,6,.538,13,3.02,22,22,0,0,0,113.1,94,44,38,12,55,0,109,3,0,5,482,136,4.12,1.315,7.5,1.0,4.4,8.7,1.98,1,sengako01
97,Joey Cantillo,108,2025,25,CLE,AL,5,3,.625,8,3.21,34,13,0,0,1,95.1,78,39,34,10,42,0,108,0,0,2,401,128,3.55,1.259,7.4,0.9,4.0,10.2,2.57,1,cantijo01
98,Jeremiah Estrada,108,2025,26,SDP,NL,4,5,.444,9,3.45,77,0,0,0,3,73.0,58,31,28,12,27,2,108,3,0,3,304,122,3.55,1.164,7.2,1.5,3.3,13.3,4.00,1,estraje01
99,Brad Lord,108,2025,25,WSN,NL,5,10,.333,15,4.34,48,19,0,0,0,130.2,126,65,63,17,43,0,108,3,0,1,546,96,4.23,1.293,8.7,1.2,3.0,7.4,2.51,1,lordbr02
100,Spencer Schwellenbach,108,2025,25,ATL,NL,7,4,.636,11,3.09,17,17,1,0,0,110.2,89,44,38,13,18,1,108,2,0,2,434,132,3.25,0.967,7.2,1.1,1.5,8.8,6.00,1,schwesp01
101,Simeon Woods Richardson,107,2025,24,MIN,AL,7,4,.636,11,4.04,23,22,0,0,0,111.1,96,53,50,17,46,0,107,3,1,4,471,105,4.52,1.275,7.8,1.4,3.7,8.6,2.33,1,woodssi01
102,Tyler Glasnow,106,2025,31,LAD,NL,4,3,.571,7,3.19,18,18,0,0,0,90.1,56,33,32,10,43,0,106,3,2,5,366,129,3.75,1.096,5.6,1.0,4.3,10.6,2.47,1,glasnty01
103,Tomoyuki Sugano,106,2025,35,BAL,AL,10,10,.500,20,4.64,30,30,0,0,0,157.0,173,85,81,33,36,2,106,8,1,3,675,87,5.36,1.331,9.9,1.9,2.1,6.1,2.94,1,suganto01
104,Bryan Abreu,105,2025,28,HOU,AL,3,4,.429,7,2.28,70,0,0,0,7,71.0,51,18,18,4,31,0,105,4,0,4,296,182,2.39,1.155,6.5,0.5,3.9,13.3,3.39,1,abreubr01
105,Eury Pérez,105,2025,22,MIA,NL,7,6,.538,13,4.25,20,20,0,0,0,95.1,68,47,45,12,32,0,105,3,2,9,385,102,3.67,1.049,6.4,1.1,3.0,9.9,3.28,1,perezeu02
106,Tyler Anderson,104,2025,35,LAA,AL,2,8,.200,10,4.56,26,26,0,0,0,136.1,135,73,69,28,57,4,104,3,3,5,599,91,5.60,1.408,8.9,1.8,3.8,6.9,1.82,1,anderty01
107,Davis Martin,104,2025,28,CHW,AL,7,10,.412,17,4.10,26,25,0,0,0,142.2,136,74,65,20,48,1,104,6,2,2,601,102,4.64,1.290,8.6,1.3,3.0,6.6,2.17,1,martida03
108,Mason Miller,104,2025,26,ATHSDP,ALNL,1,2,.333,3,2.63,60,0,0,0,22,61.2,28,19,18,5,28,2,104,1,1,3,234,164,2.23,0.908,4.1,0.7,4.1,15.2,3.71,1,millema03
109,Cade Smith,104,2025,26,CLE,AL,8,5,.615,13,2.93,76,0,0,0,16,73.2,55,31,24,4,19,3,104,4,2,3,300,140,1.95,1.005,6.7,0.5,2.3,12.7,5.47,1,smithca06
110,Mitchell Parker,103,2025,25,WSN,NL,9,16,.360,25,5.68,33,30,0,0,1,164.2,178,116,104,25,58,0,103,4,0,3,725,73,4.99,1.433,9.7,1.4,3.2,5.6,1.78,1,parkemi01
111,Trevor Rogers,103,2025,27,BAL,AL,9,3,.750,12,1.81,18,18,1,0,0,109.2,70,23,22,6,29,0,103,2,1,0,423,223,2.82,0.903,5.7,0.5,2.4,8.5,3.55,1,rogertr01
112,Edwin Uceta,103,2025,27,TBR,AL,10,3,.769,13,3.79,70,0,0,0,1,76.0,62,33,32,11,27,3,103,8,3,0,321,110,3.69,1.171,7.3,1.3,3.2,12.2,3.81,1,ucetaed01
113,Eric Lauer,102,2025,30,TOR,AL,9,2,.818,11,3.18,28,15,0,0,0,104.2,90,39,37,15,26,1,102,2,0,0,426,137,3.85,1.108,7.7,1.3,2.2,8.8,3.92,1,lauerer01
114,Landen Roupp,102,2025,26,SFG,NL,7,7,.500,14,3.80,22,22,0,0,0,106.2,113,55,45,11,45,1,102,3,1,7,476,105,3.91,1.481,9.5,0.9,3.8,8.6,2.27,1,rouppla01
115,Miles Mikolas,100,2025,36,STL,NL,8,11,.421,19,4.84,31,31,0,0,0,156.1,169,87,84,29,37,1,100,3,0,1,669,85,5.03,1.318,9.7,1.7,2.1,5.8,2.70,1,mikolmi01
116,J.T. Ginn,99,2025,26,ATH,AL,4,7,.364,11,5.08,23,16,0,0,0,90.1,92,52,51,17,31,1,99,6,0,1,392,85,4.62,1.362,9.2,1.7,3.1,9.9,3.19,1,ginnjt01
117,Griffin Jax,99,2025,30,MINTBR,AL,1,7,.125,8,4.23,73,2,0,0,0,66.0,64,33,31,7,21,3,99,1,0,0,283,100,2.51,1.288,8.7,1.0,2.9,13.5,4.71,1,jaxgr01
118,Edwin Díaz,98,2025,31,NYM,NL,6,3,.667,9,1.63,62,0,0,0,28,66.1,37,14,12,4,21,0,98,8,0,7,258,253,2.28,0.874,5.0,0.5,2.8,13.3,4.67,1,diazed04
119,Ronny Henriquez,98,2025,25,MIA,NL,7,1,.875,8,2.22,69,0,0,0,7,73.0,53,23,18,8,27,2,98,4,2,2,303,195,3.15,1.096,6.5,1.0,3.3,12.1,3.63,1,henriro01
120,Cole Ragans,98,2025,27,KCR,AL,3,3,.500,6,4.67,13,13,0,0,0,61.2,53,33,32,7,20,0,98,2,0,3,257,88,2.50,1.184,7.7,1.0,2.9,14.3,4.90,1,raganco01
121,Jameson Taillon,98,2025,33,CHC,NL,11,7,.611,18,3.68,23,23,0,0,0,129.2,110,54,53,24,27,0,98,0,0,1,519,106,4.65,1.057,7.6,1.7,1.9,6.8,3.63,1,taillja01
122,Mike Burrows,97,2025,25,PIT,NL,2,4,.333,6,3.94,23,19,0,0,0,96.0,88,43,42,13,31,1,97,5,0,2,402,112,4.00,1.240,8.3,1.2,2.9,9.1,3.13,1,burromi01
123,Ryan Gusto,97,2025,26,HOUMIA,ALNL,7,7,.500,14,5.67,27,17,0,0,0,101.2,114,67,64,17,36,0,97,5,0,0,453,74,4.61,1.475,10.1,1.5,3.2,8.6,2.69,1,gustory01
124,Cade Horton,97,2025,23,CHC,NL,11,4,.733,15,2.67,23,22,0,0,0,118.0,95,40,35,10,33,0,97,6,0,1,476,146,3.58,1.085,7.2,0.8,2.5,7.4,2.94,1,hortoca01
125,Aaron Nola,97,2025,32,PHI,NL,5,10,.333,15,6.01,17,17,0,0,0,94.1,99,65,63,18,28,0,97,4,0,1,404,73,4.58,1.346,9.4,1.7,2.7,9.3,3.46,1,nolaaa01
126,Luis Ortiz,96,2025,26,CLE,AL,4,9,.308,13,4.36,16,16,0,0,0,88.2,80,44,43,12,42,0,96,1,0,0,382,94,4.18,1.376,8.1,1.2,4.3,9.7,2.29,1,ortizlu03
127,Michael Soroka,95,2025,27,CHCWSN,NL,3,8,.273,11,4.52,22,17,0,0,0,89.2,72,49,45,12,29,0,95,15,1,2,379,92,4.23,1.126,7.2,1.2,2.9,9.5,3.28,1,sorokmi01
128,Walker Buehler,92,2025,30,BOSPHI,ALNL,10,7,.588,17,4.93,26,24,0,0,0,126.0,130,73,69,22,61,0,92,11,0,0,565,83,5.66,1.516,9.3,1.6,4.4,6.6,1.51,1,buehlwa01
129,Adrian Houser,92,2025,32,CHWTBR,AL,8,5,.615,13,3.31,21,21,0,0,0,125.0,122,49,46,10,38,0,92,8,3,5,518,126,3.81,1.280,8.8,0.7,2.7,6.6,2.42,1,housead01
130,Joey Wentz,92,2025,27,ATLMINPIT,ALNL,5,7,.417,12,5.60,39,13,0,0,0,98.0,110,66,61,11,43,3,92,1,0,5,442,75,4.06,1.561,10.1,1.0,3.9,8.4,2.14,1,wentzjo01
131,Brendon Little,91,2025,28,TOR,AL,4,2,.667,6,3.03,79,0,0,0,1,68.1,48,28,23,2,45,4,91,2,1,7,295,144,2.92,1.361,6.3,0.3,5.9,12.0,2.02,1,littlbr02
132,Sean Newcomb,91,2025,32,ATHBOS,AL,2,5,.286,7,2.73,48,5,0,0,2,92.1,94,36,28,5,31,2,91,5,0,2,391,154,3.04,1.354,9.2,0.5,3.0,8.9,2.94,1,newcose01
133,Garrett Whitlock,91,2025,29,BOS,AL,7,3,.700,10,2.25,62,0,0,0,1,72.0,54,21,18,2,24,2,91,5,0,3,293,179,2.18,1.083,6.8,0.3,3.0,11.4,3.79,1,whitlga01
134,Abner Uribe,90,2025,25,MIL,NL,3,2,.600,5,1.67,75,0,0,0,7,75.1,51,18,14,4,27,2,90,6,1,5,298,251,2.75,1.035,6.1,0.5,3.2,10.8,3.33,1,uribeab01
135,Devin Williams,90,2025,30,NYY,AL,4,6,.400,10,4.79,67,0,0,0,18,62.0,45,37,33,5,25,1,90,4,0,4,259,85,2.68,1.129,6.5,0.7,3.6,13.1,3.60,1,willide03
136,Tylor Megill,89,2025,29,NYM,NL,5,5,.500,10,3.95,14,14,0,0,0,68.1,60,37,30,6,33,0,89,7,0,3,305,104,3.43,1.361,7.9,0.8,4.3,11.7,2.70,1,megilty01
137,Carmen Mlodzinski,89,2025,26,PIT,NL,5,8,.385,13,3.55,34,12,0,0,0,99.0,102,42,39,8,27,0,89,4,0,5,419,124,3.33,1.303,9.3,0.7,2.5,8.1,3.30,1,mlodzca01
138,Jose Quintana,89,2025,36,MIL,NL,11,7,.611,18,3.96,24,24,0,0,0,131.2,120,65,58,18,50,0,89,5,1,1,556,106,4.81,1.291,8.2,1.2,3.4,6.1,1.78,1,quintjo01
139,Emmet Sheehan,89,2025,25,LAD,NL,6,3,.667,9,2.82,15,12,0,0,0,73.1,49,29,23,7,22,0,89,2,0,2,291,146,2.93,0.968,6.0,0.9,2.7,10.9,4.05,1,sheehem01
140,Aaron Civale,88,2025,30,CHCCHWMIL,ALNL,4,9,.308,13,4.85,23,18,0,0,1,102.0,96,59,55,16,33,1,88,7,2,0,435,86,4.63,1.265,8.5,1.4,2.9,7.8,2.67,1,civalaa01
141,Zebby Matthews,88,2025,25,MIN,AL,5,6,.455,11,5.56,16,16,0,0,0,79.1,94,50,49,12,24,0,88,0,0,2,354,76,3.79,1.487,10.7,1.4,2.7,10.0,3.67,1,matthze01
142,Jacob Misiorowski,87,2025,23,MIL,NL,5,3,.625,8,4.36,15,14,0,0,0,66.0,51,34,32,8,31,0,87,3,0,1,273,96,3.62,1.242,7.0,1.1,4.2,11.9,2.81,1,misioja01
143,David Bednar,86,2025,30,NYYPIT,ALNL,6,5,.545,11,2.30,64,0,0,0,27,62.2,46,18,16,4,19,2,86,1,0,4,251,187,2.18,1.037,6.6,0.6,2.7,12.4,4.53,1,bednada01
144,Jonathan Cannon,86,2025,24,CHW,AL,4,10,.286,14,5.82,22,17,0,0,0,103.2,116,69,67,19,38,1,86,6,1,2,466,72,5.13,1.486,10.1,1.6,3.3,7.5,2.26,1,cannojo02
145,Andrew Heaney,86,2025,34,LADPIT,NL,5,10,.333,15,5.52,27,23,0,0,0,122.1,129,77,75,25,40,0,86,9,0,2,536,80,5.59,1.381,9.5,1.8,2.9,6.3,2.15,1,heanean01
146,Taijuan Walker,86,2025,32,PHI,NL,5,8,.385,13,4.08,34,21,0,0,1,123.2,132,62,56,21,42,0,86,4,0,1,538,108,5.07,1.407,9.6,1.5,3.1,6.3,2.05,1,walketa01
147,Aroldis Chapman,85,2025,37,BOS,AL,5,3,.625,8,1.17,67,0,0,0,32,61.1,28,9,8,3,15,0,85,0,0,6,228,344,1.73,0.701,4.1,0.4,2.2,12.5,5.67,1,chapmar01
148,Cal Quantrill,85,2025,30,ATLMIA,NL,4,12,.250,16,6.04,26,26,0,0,0,117.2,136,81,79,22,35,0,85,5,0,3,513,71,5.14,1.453,10.4,1.7,2.7,6.5,2.43,1,quantca01
149,Jeff Hoffman,84,2025,32,TOR,AL,9,7,.563,16,4.37,71,0,0,0,33,68.0,54,34,33,15,27,1,84,4,0,2,287,100,4.90,1.191,7.1,2.0,3.6,11.1,3.11,1,hoffmje02
150,Clayton Kershaw,84,2025,37,LAD,NL,11,2,.846,13,3.36,23,22,0,0,0,112.2,102,46,42,8,35,0,84,2,1,5,463,122,3.55,1.216,8.1,0.6,2.8,6.7,2.40,1,kershcl01
151,Steven Okert,84,2025,33,HOU,AL,3,2,.600,5,3.01,68,1,0,0,1,71.2,45,25,24,6,19,1,84,2,0,0,276,138,2.76,0.893,5.7,0.8,2.4,10.5,4.42,1,okertst01
152,Cam Schlittler,84,2025,24,NYY,AL,4,3,.571,7,2.96,14,14,0,0,0,73.0,58,24,24,8,31,0,84,5,0,3,304,138,3.74,1.219,7.2,1.0,3.8,10.4,2.71,1,schlica01
153,Bryan Baker,83,2025,30,BALTBR,AL,4,4,.500,8,4.06,73,0,0,0,3,68.2,59,33,31,13,17,0,83,0,0,2,274,101,3.92,1.107,7.7,1.7,2.2,10.9,4.88,1,bakerbr01
154,Erick Fedde,83,2025,32,ATLMILSTL,NL,4,13,.235,17,5.49,32,24,1,1,0,141.0,147,90,86,19,67,1,83,3,0,2,623,75,5.20,1.518,9.4,1.2,4.3,5.3,1.24,1,feddeer01
155,Germán Márquez,83,2025,30,COL,NL,3,16,.158,19,6.70,26,26,0,0,0,126.1,168,106,94,23,48,1,83,6,0,6,591,73,5.47,1.710,12.0,1.6,3.4,5.9,1.73,1,marquge01
156,Andrés Muñoz,83,2025,26,SEA,AL,3,3,.500,6,1.73,64,0,0,0,38,62.1,36,18,12,2,28,3,83,4,0,7,254,221,2.43,1.027,5.2,0.3,4.0,12.0,2.96,1,munozan01
157,Brandon Woodruff,83,2025,32,MIL,NL,7,2,.778,9,3.20,12,12,0,0,0,64.2,45,26,23,9,14,0,83,3,0,1,257,131,3.17,0.912,6.3,1.3,1.9,11.6,5.93,1,woodrbr01
158,Tyler Alexander,82,2025,30,CHWMIL,ALNL,5,14,.263,19,4.98,52,5,0,0,1,97.2,107,62,54,9,30,5,82,2,2,1,423,85,3.64,1.403,9.9,0.8,2.8,7.6,2.73,1,alexaty01
159,Eduard Bazardo,82,2025,29,SEA,AL,5,0,1.000,5,2.52,73,0,0,0,0,78.2,53,23,22,9,27,2,82,2,0,2,313,152,3.64,1.017,6.1,1.0,3.1,9.4,3.04,1,bazared01
160,Garrett Cleavinger,82,2025,31,TBR,AL,2,6,.250,8,2.35,67,0,0,0,2,61.1,40,17,16,9,18,0,82,7,0,1,243,177,3.59,0.946,5.9,1.3,2.6,12.0,4.56,1,cleavga01
161,Chase Dollander,82,2025,23,COL,NL,2,12,.143,14,6.52,21,21,0,0,0,98.0,103,76,71,18,49,0,82,6,0,2,441,75,5.53,1.551,9.5,1.7,4.5,7.5,1.67,1,dollach01
162,Max Scherzer,82,2025,40,TOR,AL,5,5,.500,10,5.19,17,17,0,0,0,85.0,87,49,49,19,23,0,82,2,0,2,358,84,4.99,1.294,9.2,2.0,2.4,8.7,3.57,1,scherma01
163,Gabe Speier,82,2025,30,SEA,AL,4,3,.571,7,2.61,76,0,0,0,0,62.0,43,19,18,5,11,1,82,5,0,1,243,147,2.31,0.871,6.2,0.7,1.6,11.9,7.45,1,speiega01
164,Mike Vasil,82,2025,25,CHW,AL,5,3,.625,8,2.50,47,3,0,0,4,101.0,74,32,28,8,52,5,82,8,2,4,423,168,4.32,1.248,6.6,0.7,4.6,7.3,1.58,1,vasilmi01
165,Bailey Falter,81,2025,28,KCRPIT,ALNL,7,7,.500,14,4.45,26,24,0,0,0,125.1,115,68,62,19,46,0,81,1,0,5,518,99,4.94,1.285,8.3,1.4,3.3,5.8,1.76,1,falteba01
166,Jimmy Herget,81,2025,31,COL,NL,1,2,.333,3,2.48,59,0,0,0,0,83.1,72,24,23,6,26,1,81,7,2,2,347,196,3.32,1.176,7.8,0.6,2.8,8.7,3.12,1,hergeji01
167,Jordan Leasure,81,2025,26,CHW,AL,5,6,.455,11,3.92,68,1,0,0,7,64.1,49,30,28,12,30,1,81,1,0,3,269,107,4.49,1.228,6.9,1.7,4.2,11.3,2.70,1,leasujo01
168,Phil Maton,81,2025,32,STLTEX,ALNL,4,5,.444,9,2.79,63,0,0,0,5,61.1,42,21,19,3,23,2,81,7,0,1,248,143,2.60,1.060,6.2,0.4,3.4,11.9,3.52,1,matonph01
169,Emilio Pagán,81,2025,34,CIN,NL,2,4,.333,6,2.88,70,0,0,0,32,68.2,41,26,22,10,22,0,81,2,1,1,270,156,3.72,0.917,5.4,1.3,2.9,10.6,3.68,1,paganem01
170,Reid Detmers,80,2025,25,LAA,AL,5,3,.625,8,3.96,61,0,0,0,3,63.2,58,29,28,6,25,4,80,2,0,2,266,105,3.12,1.304,8.2,0.8,3.5,11.3,3.20,1,detmere01
171,Jhoan Duran,80,2025,27,MINPHI,ALNL,7,6,.538,13,2.06,72,0,0,0,32,70.0,58,19,16,3,19,4,80,3,0,3,287,210,2.35,1.100,7.5,0.4,2.4,10.3,4.21,1,duranjh01
172,Kyle Leahy,80,2025,28,STL,NL,4,2,.667,6,3.07,62,1,0,0,1,88.0,80,32,30,5,28,1,80,1,0,5,363,134,3.04,1.227,8.2,0.5,2.9,8.2,2.86,1,leahyky01
173,Alex Vesia,80,2025,29,LAD,NL,4,2,.667,6,3.02,68,0,0,0,5,59.2,37,21,20,9,22,3,80,5,0,3,237,137,3.77,0.989,5.6,1.4,3.3,12.1,3.64,1,vesiaal01
174,Seranthony Domínguez,79,2025,30,BALTOR,AL,4,4,.500,8,3.16,67,0,0,0,2,62.2,44,30,22,5,36,2,79,2,0,12,261,132,3.47,1.277,6.3,0.7,5.2,11.3,2.19,1,dominse01
175,Randy Vásquez,78,2025,26,SDP,NL,6,7,.462,13,3.84,28,26,0,0,0,133.2,125,59,57,16,52,1,78,7,1,3,570,109,4.85,1.324,8.4,1.1,3.5,5.3,1.50,1,vasqura02
176,Janson Junk,77,2025,29,MIA,NL,6,4,.600,10,4.17,21,16,0,0,1,110.0,112,54,51,8,13,0,77,4,0,2,447,104,3.14,1.136,9.2,0.7,1.1,6.3,5.92,1,junkja01
177,Stephen Kolek,77,2025,28,KCRSDP,ALNL,5,7,.417,12,3.51,19,19,1,1,0,112.2,98,49,44,9,31,1,77,7,0,0,461,119,3.82,1.145,7.8,0.7,2.5,6.2,2.48,1,kolekst01
178,Aaron Ashby,76,2025,27,MIL,NL,5,2,.714,7,2.16,43,1,0,0,3,66.2,54,16,16,3,24,0,76,4,0,6,270,195,2.70,1.170,7.3,0.4,3.2,10.3,3.17,1,ashbyaa01
179,Josh Hader,76,2025,31,HOU,AL,6,2,.750,8,2.05,48,0,0,0,28,52.2,29,16,12,8,16,1,76,2,0,2,206,203,3.25,0.854,5.0,1.4,2.7,13.0,4.75,1,haderjo01
180,Michael King,76,2025,30,SDP,NL,5,3,.625,8,3.44,15,15,1,1,0,73.1,62,31,28,12,26,0,76,4,0,2,308,122,4.42,1.200,7.6,1.5,3.2,9.3,2.92,1,kingmi01
181,Jacob Latz,76,2025,29,TEX,AL,2,0,1.000,2,2.84,33,8,0,0,1,85.2,69,28,27,7,37,2,76,0,0,2,348,131,3.72,1.237,7.2,0.7,3.9,8.0,2.05,1,latzja01
182,Dylan Lee,76,2025,30,ATL,NL,2,4,.333,6,3.29,74,0,0,0,2,68.1,53,27,25,13,14,1,76,0,3,3,266,124,4.00,0.980,7.0,1.7,1.8,10.0,5.43,1,leedy01
183,Justin Wrobleski,76,2025,24,LAD,NL,5,5,.500,10,4.32,24,2,0,0,2,66.2,65,34,32,6,17,1,76,3,0,1,280,95,2.93,1.230,8.8,0.8,2.3,10.3,4.47,1,wroblju01
184,Lake Bachar,75,2025,30,MIA,NL,8,2,.800,10,3.93,53,1,0,0,3,71.0,55,34,31,10,30,3,75,3,0,5,296,110,4.25,1.197,7.0,1.3,3.8,9.5,2.50,1,bachala01
185,Scott Barlow,75,2025,32,CIN,NL,6,3,.667,9,4.21,75,1,0,0,1,68.1,50,35,32,8,45,3,75,6,0,2,303,107,4.70,1.390,6.6,1.1,5.9,9.9,1.67,1,barlosc01
186,Brad Keller,75,2025,29,CHC,NL,4,2,.667,6,2.07,68,1,0,0,3,69.2,45,18,16,4,22,0,75,6,0,1,276,189,2.93,0.962,5.8,0.5,2.8,9.7,3.41,1,kellebr01
187,Sean Manaea,75,2025,33,NYM,NL,2,4,.333,6,5.64,15,12,0,0,0,60.2,62,38,38,13,12,0,75,7,0,2,263,73,4.39,1.220,9.2,1.9,1.8,11.1,6.25,1,manaese01
188,Tony Santillan,75,2025,28,CIN,NL,1,5,.167,6,2.44,80,0,0,0,7,73.2,53,23,20,7,29,0,75,5,0,4,301,184,3.72,1.113,6.5,0.9,3.5,9.2,2.59,1,santito01
189,Robert Suarez,75,2025,34,SDP,NL,4,6,.400,10,2.97,70,0,0,0,40,69.2,47,24,23,6,16,2,75,2,0,1,269,141,2.88,0.904,6.1,0.8,2.1,9.7,4.69,1,suarero01
190,Louis Varland,75,2025,27,MINTOR,AL,4,3,.571,7,2.97,74,1,0,0,0,72.2,65,27,24,6,22,1,75,2,0,0,296,145,3.14,1.197,8.1,0.7,2.7,9.3,3.41,1,varlalo01
191,Will Vest,75,2025,30,DET,AL,6,5,.545,11,3.01,64,0,0,0,23,68.2,61,26,23,4,22,1,75,1,0,4,284,138,2.71,1.209,8.0,0.5,2.9,9.8,3.41,1,vestwi01
192,Grant Anderson,74,2025,28,MIL,NL,2,6,.250,8,3.23,66,0,0,0,0,69.2,59,35,25,8,29,3,74,2,0,0,299,130,3.84,1.263,7.6,1.0,3.7,9.6,2.55,1,andergr01
193,Shawn Armstrong,74,2025,34,TEX,AL,4,3,.571,7,2.31,71,2,0,0,9,74.0,40,21,19,5,20,0,74,6,0,3,284,160,3.07,0.811,4.9,0.6,2.4,9.0,3.70,1,armstsh01
194,Jack Dreyer,74,2025,26,LAD,NL,3,2,.600,5,2.95,67,5,0,0,4,76.1,56,26,25,4,24,5,74,0,0,1,307,140,2.82,1.048,6.6,0.5,2.8,8.7,3.08,1,dreyeja01
195,Brandon Eisert,74,2025,27,CHW,AL,3,8,.273,11,4.39,72,3,0,0,2,69.2,75,36,34,12,25,6,74,5,1,3,306,96,4.54,1.435,9.7,1.6,3.2,9.6,2.96,1,eiserbr01
196,Bryce Miller,74,2025,26,SEA,AL,4,6,.400,10,5.68,18,18,0,0,0,90.1,93,57,57,17,34,0,74,3,0,2,392,67,5.17,1.406,9.3,1.7,3.4,7.4,2.18,1,millebr04
197,Ryan Bergert,73,2025,25,KCRSDP,ALNL,2,2,.500,4,3.66,19,15,0,0,0,76.1,61,32,31,8,35,1,73,1,0,2,323,114,4.00,1.258,7.2,0.9,4.1,8.6,2.09,1,bergery01
198,Hunter Gaddis,73,2025,27,CLE,AL,2,2,.500,4,3.11,73,0,0,0,3,66.2,58,24,23,8,21,2,73,1,0,2,274,133,3.50,1.185,7.8,1.1,2.8,9.9,3.48,1,gaddihu01
199,Raisel Iglesias,73,2025,35,ATL,NL,4,6,.400,10,3.21,70,0,0,0,29,67.1,51,25,24,8,16,2,73,2,0,0,266,127,3.31,0.995,6.8,1.1,2.1,9.8,4.56,1,iglesra01
200,Tyler Kinley,73,2025,34,ATLCOL,NL,6,3,.667,9,3.96,73,0,0,0,3,72.2,53,35,32,6,33,4,73,3,1,6,308,117,3.69,1.183,6.6,0.7,4.1,9.0,2.21,1,kinlety01
201,Pablo López,73,2025,29,MIN,AL,5,4,.556,9,2.74,14,14,0,0,0,75.2,64,28,23,6,20,0,73,4,2,1,312,153,3.19,1.110,7.6,0.7,2.4,8.7,3.65,1,lopezpa01
202,Clarke Schmidt,73,2025,29,NYY,AL,4,4,.500,8,3.32,14,14,0,0,0,78.2,56,29,29,9,30,0,73,1,2,2,316,124,3.95,1.093,6.4,1.0,3.4,8.4,2.43,1,schmicl01
203,Antonio Senzatela,73,2025,30,COL,NL,4,15,.211,19,6.65,30,23,0,0,0,130.0,192,103,96,22,47,2,73,8,1,9,618,73,5.48,1.838,13.3,1.5,3.3,5.1,1.55,1,senzaan01
204,Ryan Zeferjahn,73,2025,27,LAA,AL,6,5,.545,11,4.74,62,1,0,0,2,57.0,49,31,30,12,35,3,73,4,0,3,257,87,5.36,1.474,7.7,1.9,5.5,11.5,2.09,1,zeferry01
205,Fernando Cruz,72,2025,35,NYY,AL,3,4,.429,7,3.56,49,0,0,0,2,48.0,33,21,19,5,24,0,72,3,0,5,200,116,3.18,1.188,6.2,0.9,4.5,13.5,3.00,1,cruzfe01
206,Camilo Doval,72,2025,27,NYYSFG,ALNL,4,3,.571,7,3.58,69,0,0,0,16,65.1,51,34,26,4,35,1,72,3,4,4,278,113,3.47,1.316,7.0,0.6,4.8,9.9,2.06,1,dovalca01
207,Colton Gordon,72,2025,26,HOU,AL,6,4,.600,10,5.34,20,14,0,0,1,86.0,103,54,51,21,19,2,72,2,1,3,379,77,5.37,1.419,10.8,2.2,2.0,7.5,3.79,1,gordoco01
208,Jack Kochanowicz,72,2025,24,LAA,AL,3,11,.214,14,6.81,23,23,0,0,0,111.0,136,89,84,21,58,4,72,7,1,4,512,60,6.05,1.748,11.0,1.7,4.7,5.8,1.24,1,kochaja01
209,Keider Montero,72,2025,24,DET,AL,5,3,.625,8,4.37,20,12,0,0,0,90.2,95,46,44,16,31,0,72,2,0,2,389,95,4.93,1.390,9.4,1.6,3.1,7.1,2.32,1,monteke01
210,Blake Snell,72,2025,32,LAD,NL,5,4,.556,9,2.35,11,11,0,0,0,61.1,51,21,16,3,26,1,72,0,0,7,254,176,2.69,1.255,7.5,0.4,3.8,10.6,2.77,1,snellbl01
211,Luke Weaver,72,2025,31,NYY,AL,4,4,.500,8,3.62,64,0,0,0,8,64.2,46,28,26,10,20,1,72,1,0,1,262,114,3.89,1.021,6.4,1.4,2.8,10.0,3.60,1,weavelu01
212,Braxton Ashcraft,71,2025,25,PIT,NL,4,4,.500,8,2.71,26,8,0,0,0,69.2,63,22,21,3,24,1,71,2,0,1,292,161,2.78,1.249,8.1,0.4,3.1,9.2,2.96,1,ashcrbr01
213,Ben Casparius,71,2025,26,LAD,NL,7,5,.583,12,4.64,46,3,0,0,2,77.2,78,41,40,8,21,0,71,3,0,1,333,89,3.57,1.275,9.0,0.9,2.4,8.2,3.38,1,caspabe01
214,Jose A. Ferrer,71,2025,25,WSN,NL,4,4,.500,8,4.48,72,0,0,0,11,76.1,81,41,38,5,16,1,71,7,0,6,324,94,3.03,1.271,9.6,0.6,1.9,8.4,4.44,1,ferrejo01
215,Jason Adam,70,2025,33,SDP,NL,8,4,.667,12,1.93,65,0,0,0,0,65.1,50,18,14,4,25,3,70,3,0,3,270,218,3.07,1.148,6.9,0.6,3.4,9.6,2.80,1,adamja01
216,Griffin Canning,70,2025,29,NYM,NL,7,3,.700,10,3.77,16,16,0,0,0,76.1,70,35,32,8,35,0,70,0,0,3,328,109,4.04,1.376,8.3,0.9,4.1,8.3,2.00,1,cannigr01
217,Adrián Morejón,70,2025,26,SDP,NL,13,6,.684,19,2.08,75,0,0,0,3,73.2,49,23,17,2,17,3,70,0,0,2,286,202,2.28,0.896,6.0,0.2,2.1,8.6,4.12,1,morejad01
218,Gregory Soto,70,2025,30,BALNYM,ALNL,1,5,.167,6,4.18,70,0,0,0,1,60.1,62,33,28,4,24,1,70,11,0,10,279,99,3.42,1.425,9.2,0.6,3.6,10.4,2.92,1,sotogr01
219,Justin Sterner,70,2025,28,ATH,AL,4,3,.571,7,3.18,59,1,0,0,0,65.0,47,24,23,10,21,2,70,7,0,1,266,136,4.27,1.046,6.5,1.4,2.9,9.7,3.33,1,sternju01
220,Matt Strahm,70,2025,33,PHI,NL,2,3,.400,5,2.74,66,0,0,0,6,62.1,47,22,19,5,20,1,70,2,0,3,256,163,2.99,1.075,6.8,0.7,2.9,10.1,3.50,1,strahma01
221,Bryan King,69,2025,28,HOU,AL,5,4,.556,9,2.78,68,0,0,0,2,68.0,60,21,21,10,11,0,69,4,0,3,275,148,3.68,1.044,7.9,1.3,1.5,9.1,6.27,1,kingbr02
222,Osvaldo Bido,68,2025,29,ATH,AL,2,5,.286,7,5.87,26,10,0,0,1,79.2,93,56,52,19,35,1,68,6,0,0,363,74,6.07,1.607,10.5,2.1,4.0,7.7,1.94,1,bidoos01
223,Hayden Birdsong,68,2025,23,SFG,NL,4,4,.500,8,4.80,21,10,0,0,0,65.2,61,42,35,10,37,0,68,5,0,6,298,83,4.96,1.492,8.4,1.4,5.1,9.3,1.84,1,birdsha01
224,Yu Darvish,68,2025,38,SDP,NL,5,5,.500,10,5.38,15,15,0,0,0,72.0,66,44,43,14,19,0,68,6,0,4,296,78,4.82,1.181,8.3,1.8,2.4,8.5,3.58,1,darviyu01
225,Robert Garcia,68,2025,29,TEX,AL,4,8,.333,12,2.95,71,0,0,0,9,64.0,58,26,21,8,22,2,68,1,1,1,269,128,3.71,1.250,8.2,1.1,3.1,9.6,3.09,1,garciro04
226,Brant Hurter,68,2025,26,DET,AL,4,3,.571,7,2.43,43,4,0,0,2,63.0,57,26,17,4,27,3,68,11,0,2,277,171,3.61,1.333,8.1,0.6,3.9,9.7,2.52,1,hurtebr01
227,Jared Koenig,68,2025,31,MIL,NL,6,1,.857,7,2.86,72,0,0,0,2,66.0,57,21,21,6,20,1,68,4,0,1,268,147,3.35,1.167,7.8,0.8,2.7,9.3,3.40,1,koenija01
228,Juan Mejia,68,2025,24,COL,NL,2,2,.500,4,3.96,55,0,0,0,1,61.1,52,34,27,6,25,1,68,6,0,2,261,123,3.71,1.255,7.6,0.9,3.7,10.0,2.72,1,mejiaju01
229,Max Meyer,68,2025,26,MIA,NL,3,5,.375,8,4.73,12,12,0,0,0,64.2,72,39,34,12,20,0,68,2,1,0,285,91,4.46,1.423,10.0,1.7,2.8,9.5,3.40,1,meyerma01
230,Matt Svanson,68,2025,26,STL,NL,4,0,1.000,4,1.94,39,0,0,0,0,60.1,33,14,13,3,20,0,68,4,0,1,234,210,2.72,0.878,4.9,0.4,3.0,10.1,3.40,1,svansma01
231,Chase Burns,67,2025,22,CIN,NL,0,3,.000,3,4.57,13,8,0,0,0,43.1,41,25,22,5,16,0,67,0,0,0,188,98,2.65,1.315,8.5,1.0,3.3,13.9,4.19,1,burnsch01
232,Randy Rodríguez,67,2025,25,SFG,NL,3,5,.375,8,1.78,50,0,0,0,4,50.2,34,12,10,4,11,0,67,4,0,2,198,225,2.40,0.888,6.0,0.7,2.0,11.9,6.09,1,rodrira02
233,Jake Bird,66,2025,29,COLNYY,ALNL,4,2,.667,6,5.53,48,0,0,0,0,55.1,60,37,34,7,25,4,66,3,0,4,248,88,3.91,1.536,9.8,1.1,4.1,10.7,2.64,1,birdja01
234,Tyler Mahle,66,2025,30,TEX,AL,6,4,.600,10,2.18,16,16,0,0,0,86.2,69,21,21,5,29,0,66,0,1,0,346,174,3.37,1.131,7.2,0.5,3.0,6.9,2.28,1,mahlety01
235,Yariel Rodríguez,66,2025,28,TOR,AL,3,2,.600,5,3.08,66,1,0,0,2,73.0,50,26,25,8,34,3,66,6,2,2,298,141,4.40,1.151,6.2,1.0,4.2,8.1,1.94,1,rodriya01
236,Mitch Spence,66,2025,27,ATH,AL,3,6,.333,9,5.10,32,8,0,0,1,84.2,96,57,48,16,26,2,66,4,0,1,375,85,5.10,1.441,10.2,1.7,2.8,7.0,2.54,1,spencmi01
237,Jason Alexander,65,2025,32,ATHHOU,AL,4,2,.667,6,4.77,18,13,0,0,1,77.1,80,45,41,15,26,0,65,3,0,1,336,87,5.10,1.371,9.3,1.7,3.0,7.6,2.50,1,alexaja01
238,Hogan Harris,65,2025,28,ATH,AL,2,1,.667,3,3.20,48,0,0,0,4,64.2,54,26,23,5,33,4,65,1,0,1,277,135,3.71,1.345,7.5,0.7,4.6,9.0,1.97,1,harriho03
239,Orion Kerkering,65,2025,24,PHI,NL,8,4,.667,12,3.30,69,0,0,0,4,60.0,55,28,22,6,27,3,65,4,0,5,266,135,3.82,1.367,8.3,0.9,4.1,9.8,2.41,1,kerkeor01
240,Reese Olson,65,2025,25,DET,AL,4,4,.500,8,3.15,13,13,0,0,0,68.2,58,24,24,5,25,2,65,5,0,2,285,132,3.50,1.209,7.6,0.7,3.3,8.5,2.60,1,olsonre01
241,Jackson Rutledge,65,2025,26,WSN,NL,4,2,.667,6,5.77,63,0,0,0,0,73.1,87,49,47,16,24,0,65,7,0,6,330,73,5.47,1.514,10.7,2.0,2.9,8.0,2.71,1,rutleja01
242,Trevor Williams,65,2025,33,WSN,NL,3,10,.231,13,6.21,17,17,0,0,0,82.2,106,59,57,11,21,0,65,2,0,1,373,68,4.13,1.536,11.5,1.2,2.3,7.1,3.10,1,willitr01
243,Graham Ashcraft,64,2025,27,CIN,NL,8,5,.615,13,3.99,62,0,0,0,0,65.1,68,37,29,2,25,0,64,0,0,5,284,112,2.72,1.423,9.4,0.3,3.4,8.8,2.56,1,ashcrgr01
244,Reed Garrett,64,2025,32,NYM,NL,3,6,.333,9,3.90,58,1,0,0,3,55.1,47,27,24,5,26,2,64,1,0,3,238,106,3.46,1.319,7.6,0.8,4.2,10.4,2.46,1,garrere01
245,Emerson Hancock,64,2025,26,SEA,AL,4,5,.444,9,4.90,22,16,0,0,0,90.0,93,51,49,15,31,0,64,5,1,2,385,78,5.08,1.378,9.3,1.5,3.1,6.4,2.06,1,hancoem01
246,Tyler Holton,64,2025,29,DET,AL,6,5,.545,11,3.66,70,6,0,0,0,78.2,65,34,32,15,17,1,64,0,0,3,312,113,4.64,1.042,7.4,1.7,1.9,7.3,3.76,1,holtoty01
247,Andrew Kittredge,64,2025,35,BALCHC,ALNL,4,3,.571,7,3.40,54,0,0,0,5,53.0,41,22,20,7,11,1,64,0,0,1,208,120,3.06,0.981,7.0,1.2,1.9,10.9,5.82,1,kittran01
248,Cole Sands,64,2025,27,MIN,AL,4,6,.400,10,4.50,69,3,0,0,3,72.0,65,41,36,7,19,2,64,4,0,3,299,93,3.58,1.167,8.1,0.9,2.4,8.0,3.37,1,sandsco01
249,Ian Seymour,64,2025,26,TBR,AL,4,3,.571,7,3.63,19,5,0,0,0,57.0,48,33,23,5,19,1,64,3,0,0,242,115,3.19,1.175,7.6,0.8,3.0,10.1,3.37,1,seymoia01
250,Corbin Burnes,63,2025,30,ARI,NL,3,2,.600,5,2.66,11,11,0,0,0,64.1,49,23,19,7,26,1,63,3,2,1,265,161,3.94,1.166,6.9,1.0,3.6,8.8,2.42,1,burneco01
251,Ryan Helsley,63,2025,30,NYMSTL,NL,3,4,.429,7,4.50,58,0,0,0,21,56.0,61,32,28,8,25,3,63,1,0,7,252,92,4.14,1.536,9.8,1.3,4.0,10.1,2.52,1,helslry01
252,Mason Montgomery,63,2025,25,TBR,AL,1,3,.250,4,5.67,57,0,0,0,1,46.0,49,32,29,6,27,0,63,1,0,1,209,73,3.92,1.652,9.6,1.2,5.3,12.3,2.33,1,montgma01
253,Wandy Peralta,63,2025,33,SDP,NL,6,1,.857,7,3.14,71,1,0,0,0,71.2,66,29,25,5,30,3,63,2,1,1,313,134,3.62,1.340,8.3,0.6,3.8,7.9,2.10,1,peralwa01
254,Enyel De Los Santos,62,2025,29,ATLHOU,ALNL,6,3,.667,9,4.36,65,0,0,0,0,66.0,61,35,32,7,24,2,62,2,1,2,280,96,3.82,1.288,8.3,1.0,3.3,8.5,2.58,1,delosen01
255,Braydon Fisher,62,2025,24,TOR,AL,7,0,1.000,7,2.70,52,1,0,0,0,50.0,32,15,15,4,19,1,62,3,0,0,202,162,3.02,1.020,5.8,0.7,3.4,11.2,3.26,1,fishebr02
256,Tanner Gordon,62,2025,27,COL,NL,6,8,.429,14,6.33,15,15,0,0,0,75.1,96,60,53,16,17,0,62,3,1,1,337,77,5.05,1.500,11.5,1.9,2.0,7.4,3.65,1,gordota01
257,Shohei Ohtani,62,2025,30,LAD,NL,1,1,.500,2,2.87,14,14,0,0,0,47.0,40,15,15,3,9,0,62,0,0,10,188,144,1.90,1.043,7.7,0.6,1.7,11.9,6.89,*D1,ohtansh01
258,John Schreiber,62,2025,31,KCR,AL,3,3,.500,6,3.80,74,0,0,0,1,64.0,57,29,27,10,19,1,62,1,0,2,265,108,4.17,1.188,8.0,1.4,2.7,8.7,3.26,1,schrejo01
259,Jorge Alcala,61,2025,29,BOSMINSTL,ALNL,0,2,.000,2,6.22,56,0,0,0,0,55.0,66,44,38,13,30,1,61,1,2,6,257,67,5.68,1.745,10.8,2.1,4.9,10.0,2.03,1,alcaljo01
260,Anthony Banda,61,2025,31,LAD,NL,5,1,.833,6,3.18,71,1,0,0,0,65.0,45,23,23,8,34,6,61,2,0,7,268,129,4.52,1.215,6.2,1.1,4.7,8.4,1.79,1,bandaan01
261,Tanner Banks,61,2025,33,PHI,NL,6,2,.750,8,3.07,69,1,0,0,1,67.1,56,24,23,9,12,1,61,1,0,2,267,145,3.64,1.010,7.5,1.2,1.6,8.2,5.08,1,banksta01
262,Spencer Bivens,61,2025,31,SFG,NL,4,3,.571,7,4.00,54,0,0,0,3,81.0,83,42,36,6,25,1,61,5,0,3,343,100,3.70,1.333,9.2,0.7,2.8,6.8,2.44,1,bivensp01
263,Yuki Matsui,61,2025,29,SDP,NL,3,1,.750,4,3.98,61,0,0,0,1,63.1,53,29,28,10,33,2,61,1,0,5,272,106,4.87,1.358,7.5,1.4,4.7,8.7,1.85,1,matsuyu01
264,Lance McCullers Jr.,61,2025,31,HOU,AL,2,5,.286,7,6.51,16,13,0,0,0,55.1,61,45,40,10,39,0,61,7,0,1,274,63,5.77,1.807,9.9,1.6,6.3,9.9,1.56,1,mcculla02
265,Daniel Palencia,61,2025,25,CHC,NL,1,6,.143,7,2.91,54,0,0,0,22,52.2,44,19,17,5,16,1,61,2,0,2,215,138,3.08,1.139,7.5,0.9,2.7,10.4,3.81,1,palenda01
266,Trevor Megill,60,2025,31,MIL,NL,6,3,.667,9,2.49,50,0,0,0,30,47.0,36,16,13,3,17,3,60,0,0,2,192,169,2.50,1.128,6.9,0.6,3.3,11.5,3.53,1,megiltr01
267,Dennis Santana,60,2025,29,PIT,NL,4,5,.444,9,2.18,70,0,0,0,16,70.1,44,18,17,5,17,0,60,3,0,0,270,201,3.21,0.867,5.6,0.6,2.2,7.7,3.53,1,santade01
268,Tanner Scott,60,2025,30,LAD,NL,1,4,.200,5,4.74,61,0,0,0,23,57.0,54,33,30,11,18,2,60,4,0,2,238,87,4.70,1.263,8.5,1.7,2.8,9.5,3.33,1,scottta01
269,Ryan Walker,60,2025,29,SFG,NL,5,7,.417,12,4.11,68,0,0,0,17,61.1,60,32,28,4,18,2,60,8,2,1,266,97,3.30,1.272,8.8,0.6,2.6,8.8,3.33,1,walkery01
270,Keegan Akin,59,2025,30,BAL,AL,5,4,.556,9,3.41,64,3,0,0,8,63.1,54,28,24,10,33,2,59,1,0,2,268,120,4.94,1.374,7.7,1.4,4.7,8.4,1.79,1,akinke01
271,Logan Evans,59,2025,24,SEA,AL,6,5,.545,11,4.32,16,15,0,0,0,81.1,82,45,39,13,31,1,59,4,0,5,350,89,5.05,1.389,9.1,1.4,3.4,6.5,1.90,1,evanslo01
272,Pete Fairbanks,59,2025,31,TBR,AL,4,5,.444,9,2.83,61,0,0,0,27,60.1,45,22,19,7,18,0,59,1,0,2,244,147,3.63,1.044,6.7,1.0,2.7,8.8,3.28,1,fairbpe01
273,Calvin Faucher,59,2025,29,MIA,NL,4,4,.500,8,3.28,65,0,0,0,15,60.1,53,27,22,8,24,0,59,3,0,2,255,131,4.25,1.276,7.9,1.2,3.6,8.8,2.46,1,fauchca01
274,Pierce Johnson,59,2025,34,ATL,NL,3,3,.500,6,3.05,65,0,0,0,1,59.0,52,21,20,8,19,2,59,1,0,2,238,138,3.91,1.203,7.9,1.2,2.9,9.0,3.11,1,johnspi01
275,Steven Matz,59,2025,34,BOSSTL,ALNL,5,2,.714,7,3.05,53,2,0,0,2,76.2,73,31,26,8,11,0,59,2,0,3,309,134,3.46,1.096,8.6,0.9,1.3,6.9,5.36,1,matzst01
276,Bennett Sousa,59,2025,30,HOU,AL,5,1,.833,6,2.84,44,0,0,0,4,50.2,37,18,16,4,15,0,59,0,0,4,199,145,2.72,1.026,6.6,0.7,2.7,10.5,3.93,1,sousabe01
277,Joe Boyle,58,2025,25,TBR,AL,1,4,.200,5,4.67,13,9,0,0,0,52.0,43,33,27,6,28,1,58,3,0,2,226,89,4.19,1.365,7.4,1.0,4.8,10.0,2.07,1,boylejo01
278,Matt Brash,58,2025,27,SEA,AL,1,3,.250,4,2.47,53,0,0,0,4,47.1,41,15,13,4,18,2,58,2,0,0,199,155,3.05,1.246,7.8,0.8,3.4,11.0,3.22,1,brashma01
279,José Buttó,58,2025,27,NYMSFG,NL,5,3,.625,8,3.90,55,0,0,0,1,67.0,62,31,29,4,32,2,58,2,1,3,284,105,3.70,1.403,8.3,0.5,4.3,7.8,1.81,1,buttojo01
280,Yoendrys Gómez,58,2025,25,CHWLADNYY,ALNL,3,3,.500,6,5.17,21,9,0,0,1,62.2,60,40,36,12,27,0,58,4,0,2,277,81,5.26,1.388,8.6,1.7,3.9,8.3,2.15,1,gomezyo01
281,Jordan Hicks,58,2025,28,BOSSFG,ALNL,2,7,.222,9,6.95,34,9,0,0,2,67.1,80,56,52,6,32,1,58,8,0,10,314,58,4.35,1.663,10.7,0.8,4.3,7.8,1.81,1,hicksjo03
282,Michael McGreevy,58,2025,24,STL,NL,8,4,.667,12,4.42,17,16,0,0,0,95.2,100,50,47,12,20,0,58,3,1,0,400,92,4.27,1.254,9.4,1.1,1.9,5.5,2.90,1,mcgremi01
283,Hoby Milner,58,2025,34,TEX,AL,3,4,.429,7,3.84,73,0,0,0,0,70.1,68,35,30,5,21,3,58,2,0,0,293,99,3.39,1.265,8.7,0.6,2.7,7.4,2.76,1,milneho01
284,Rafael Montero,58,2025,34,ATLDETHOU,ALNL,1,2,.333,3,4.48,59,0,0,0,0,60.1,42,34,30,5,37,2,58,0,0,0,253,95,4.13,1.309,6.3,0.7,5.5,8.7,1.57,1,montera01
285,Ryne Stanek,58,2025,33,NYM,NL,4,6,.400,10,5.30,65,0,0,0,3,56.0,56,39,33,7,32,0,58,0,0,5,255,78,4.40,1.571,9.0,1.1,5.1,9.3,1.81,1,stanery01
286,Jacob Webb,58,2025,31,TEX,AL,5,4,.556,9,3.00,55,0,0,0,1,66.0,49,24,22,10,19,2,58,2,0,0,267,126,4.30,1.030,6.7,1.4,2.6,7.9,3.05,1,webbja01
287,Angel Zerpa,58,2025,25,KCR,AL,5,2,.714,7,4.18,69,2,0,0,0,64.2,67,30,30,7,22,0,58,2,1,1,275,99,3.86,1.376,9.3,1.0,3.1,8.1,2.64,1,zerpaan01
288,Huascar Brazobán,57,2025,35,NYM,NL,5,2,.714,7,3.57,52,3,0,0,2,63.0,51,29,25,6,27,1,57,4,0,2,262,115,4.04,1.238,7.3,0.9,3.9,8.1,2.11,1,brazohu01
289,Kenley Jansen,57,2025,37,LAA,AL,5,4,.556,9,2.59,62,0,0,0,29,59.0,37,18,17,8,19,2,57,1,3,0,234,159,3.98,0.949,5.6,1.2,2.9,8.7,3.00,1,janseke01
290,Nolan McLean,57,2025,23,NYM,NL,5,1,.833,6,2.06,8,8,0,0,0,48.0,34,13,11,4,16,0,57,2,0,2,188,200,2.97,1.042,6.4,0.8,3.0,10.7,3.56,/1,mcleano01
291,Drew Pomeranz,57,2025,36,CHC,NL,2,2,.500,4,2.17,57,4,0,0,1,49.2,38,14,12,5,15,1,57,5,0,1,203,184,3.36,1.067,6.9,0.9,2.7,10.3,3.80,1,pomerdr01
292,Greg Weissert,57,2025,30,BOS,AL,6,6,.500,12,2.82,72,0,0,0,4,67.0,57,27,21,6,21,1,57,3,0,1,278,145,3.67,1.164,7.7,0.8,2.8,7.7,2.71,1,weissgr01
293,Justin Wilson,57,2025,37,BOS,AL,4,1,.800,5,3.35,61,0,0,0,0,48.1,48,22,18,3,20,3,57,2,0,3,207,122,2.95,1.407,8.9,0.6,3.7,10.6,2.85,1,wilsoju10
294,Matt Festa,56,2025,32,CLE,AL,5,4,.556,9,4.12,63,0,0,0,0,54.2,44,29,25,4,15,2,56,5,1,1,226,101,3.14,1.079,7.2,0.7,2.5,9.2,3.73,1,festama01
295,Mason Fluharty,56,2025,23,TOR,AL,5,2,.714,7,4.44,55,0,0,0,1,52.2,36,28,26,6,24,4,56,2,0,1,215,98,3.97,1.139,6.2,1.0,4.1,9.6,2.33,1,fluhama01
296,Kumar Rocker,56,2025,25,TEX,AL,4,5,.444,9,5.74,14,14,0,0,0,64.1,71,42,41,11,23,0,56,4,0,6,287,66,4.88,1.461,9.9,1.5,3.2,7.8,2.43,1,rockeku01
297,Caleb Thielbar,56,2025,38,CHC,NL,3,4,.429,7,2.64,67,0,0,0,1,58.0,38,17,17,5,13,1,56,0,0,0,220,151,3.00,0.879,5.9,0.8,2.0,8.7,4.31,1,thielca01
298,Kyle Finnegan,55,2025,33,DETWSN,ALNL,4,4,.500,8,3.47,56,0,0,0,24,57.0,45,24,22,4,18,2,55,1,0,6,229,121,3.12,1.105,7.1,0.6,2.8,8.7,3.06,1,finneky01
299,Jakob Junis,55,2025,32,CLE,AL,4,1,.800,5,2.97,57,0,0,0,0,66.2,64,24,22,5,18,2,55,4,0,0,274,140,3.45,1.230,8.6,0.7,2.4,7.4,3.06,1,junisja01
300,Casey Legumina,55,2025,28,SEA,AL,4,6,.400,10,5.62,48,1,0,0,0,49.2,47,36,31,7,25,2,55,2,0,1,219,68,4.38,1.450,8.5,1.3,4.5,10.0,2.20,1,legumca01
301,JoJo Romero,55,2025,28,STL,NL,4,6,.400,10,2.07,65,0,0,0,8,61.0,47,21,14,2,29,5,55,2,0,2,255,197,3.28,1.246,6.9,0.3,4.3,8.1,1.90,1,romerjo01
302,Hurston Waldrep,55,2025,23,ATL,NL,6,1,.857,7,2.88,10,9,0,0,0,56.1,45,18,18,3,22,1,55,3,0,0,229,146,3.21,1.189,7.2,0.5,3.5,8.8,2.50,1,waldrhu01
303,Ryan Yarbrough,55,2025,33,NYY,AL,3,1,.750,4,4.36,19,8,0,0,1,64.0,58,31,31,13,19,0,55,2,0,0,264,94,5.04,1.203,8.2,1.8,2.7,7.7,2.89,1,yarbrry01
304,Valente Bellozo,54,2025,25,MIA,NL,1,4,.200,5,4.65,32,6,0,0,0,81.1,85,44,42,15,23,0,54,4,1,0,348,92,5.20,1.328,9.4,1.7,2.5,6.0,2.35,1,bellova01
305,Carlos Estévez,54,2025,32,KCR,AL,4,5,.444,9,2.45,67,0,0,0,42,66.0,48,22,18,5,22,6,54,4,1,2,269,168,3.67,1.061,6.5,0.7,3.0,7.4,2.45,1,estevca01
306,Tyler Ferguson,54,2025,31,ATH,AL,4,2,.667,6,4.66,56,0,0,0,2,58.0,43,32,30,4,34,2,54,4,0,1,246,93,4.14,1.328,6.7,0.6,5.3,8.4,1.59,1,ferguty01
307,Bowden Francis,54,2025,29,TOR,AL,2,8,.200,10,6.05,14,14,0,0,0,64.0,71,46,43,19,27,0,54,6,0,3,288,72,6.85,1.531,10.0,2.7,3.8,7.6,2.00,1,francbo01
308,Mark Leiter Jr.,54,2025,34,NYY,AL,6,7,.462,13,4.84,59,0,0,0,2,48.1,57,31,26,5,17,0,54,4,0,8,219,85,3.55,1.531,10.6,0.9,3.2,10.1,3.18,1,leitema02
309,Shelby Miller,54,2025,34,ARIMIL,NL,4,3,.571,7,2.74,48,0,0,0,10,46.0,33,17,14,5,15,4,54,4,0,1,186,157,3.44,1.043,6.5,1.0,2.9,10.6,3.60,1,millesh01
310,Grant Taylor,54,2025,23,CHW,AL,2,4,.333,6,4.91,36,2,0,0,6,36.2,37,20,20,0,15,1,54,0,0,5,157,85,1.42,1.418,9.1,0.0,3.7,13.3,3.60,1,taylogr02
311,Carlos Vargas,54,2025,25,SEA,AL,5,5,.500,10,3.97,70,0,0,0,1,77.0,81,39,34,10,23,4,54,7,1,5,331,96,4.59,1.351,9.5,1.2,2.7,6.3,2.35,1,vargaca01
312,Yennier Cano,53,2025,31,BAL,AL,3,7,.300,10,5.12,65,0,0,0,2,58.0,62,36,33,7,24,1,53,3,1,2,251,80,4.27,1.483,9.6,1.1,3.7,8.2,2.21,1,canoye01
313,David Festa,53,2025,25,MIN,AL,3,4,.429,7,5.40,11,10,0,0,0,53.1,49,35,32,10,19,0,53,4,0,1,229,78,4.88,1.275,8.3,1.7,3.2,8.9,2.79,1,festada01
314,Taylor Rogers,53,2025,34,CHCCIN,NL,3,2,.600,5,3.38,57,0,0,0,0,50.2,47,25,19,7,23,2,53,3,0,0,221,128,4.38,1.382,8.3,1.2,4.1,9.4,2.30,1,rogerta01
315,Brent Suter,53,2025,35,CIN,NL,1,2,.333,3,4.52,48,3,0,0,0,67.2,69,38,34,11,18,1,53,2,0,2,291,99,4.57,1.286,9.2,1.5,2.4,7.0,2.94,1,suterbr01
316,Brock Burke,52,2025,28,LAA,AL,7,1,.875,8,3.36,69,1,0,0,0,61.2,58,24,23,8,18,4,52,3,1,0,257,123,4.16,1.232,8.5,1.2,2.6,7.6,2.89,1,burkebr01
317,Cole Henry,52,2025,25,WSN,NL,1,2,.333,3,4.27,57,0,0,0,2,52.2,43,27,25,7,32,1,52,11,1,2,241,99,5.34,1.424,7.3,1.2,5.5,8.9,1.63,1,henryco01
318,Tyler Phillips,52,2025,27,MIA,NL,2,1,.667,3,2.78,54,1,0,0,4,77.2,65,26,24,8,24,0,52,2,0,6,313,154,4.14,1.146,7.5,0.9,2.8,6.0,2.17,1,phillty01
319,Brandon Walter,52,2025,28,HOU,AL,1,3,.250,4,3.35,9,9,0,0,0,53.2,46,20,20,10,4,0,52,3,0,0,212,123,4.01,0.932,7.7,1.7,0.7,8.7,13.00,/1,waltebr01
320,Kirby Yates,52,2025,38,LAD,NL,4,3,.571,7,5.23,50,0,0,0,3,41.1,38,26,24,9,17,0,52,1,0,1,178,79,4.76,1.331,8.3,2.0,3.7,11.3,3.06,1,yateski01
321,Aaron Bummer,51,2025,31,ATL,NL,3,2,.600,5,3.81,42,2,0,0,0,54.1,51,27,23,3,17,4,51,11,0,1,235,110,3.52,1.252,8.4,0.5,2.8,8.4,3.00,1,bummeaa01
322,Caleb Ferguson,51,2025,28,PITSEA,ALNL,5,4,.556,9,3.58,70,0,0,0,0,65.1,54,27,26,2,22,3,51,6,0,1,270,118,3.26,1.163,7.4,0.3,3.0,7.0,2.32,1,ferguca01
323,Steven Wilson,51,2025,30,CHW,AL,2,2,.500,4,3.42,59,0,0,0,2,55.1,50,21,21,7,22,2,51,3,0,2,241,122,4.29,1.301,8.1,1.1,3.6,8.3,2.32,1,wilsost02
324,Elvis Alvarado,50,2025,26,ATH,AL,1,1,.500,2,3.19,37,0,0,0,0,42.1,34,17,15,6,22,1,50,2,0,2,183,136,4.32,1.323,7.2,1.3,4.7,10.6,2.27,1,alvarel01
325,Félix Bautista,50,2025,30,BAL,AL,1,1,.500,2,2.60,35,0,0,0,19,34.2,16,10,10,3,23,0,50,0,0,1,142,158,3.37,1.125,4.2,0.8,6.0,13.0,2.17,1,bautife01
326,Zach Eflin,50,2025,31,BAL,AL,6,5,.545,11,5.93,14,14,0,0,0,71.1,88,48,47,18,13,0,50,2,0,1,309,69,5.64,1.416,11.1,2.3,1.6,6.3,3.85,1,eflinza01
327,Tommy Kahnle,50,2025,35,DET,AL,1,5,.167,6,4.43,66,0,0,0,9,63.0,51,32,31,8,31,0,50,1,0,3,267,94,4.72,1.302,7.3,1.1,4.4,7.1,1.61,1,kahnlto01
328,David Morgan,50,2025,25,SDP,NL,1,2,.333,3,2.66,41,2,0,0,0,47.1,35,14,14,4,23,1,50,2,0,2,193,158,3.71,1.225,6.7,0.8,4.4,9.5,2.17,1,morgada01
329,Connor Brogdon,49,2025,30,LAA,AL,3,2,.600,5,5.55,43,0,0,0,0,47.0,45,31,29,11,18,4,49,0,0,2,199,74,5.24,1.340,8.6,2.1,3.4,9.4,2.72,1,brogdco01
330,Dietrich Enns,49,2025,34,BALDET,AL,3,3,.500,6,4.08,24,3,0,0,2,46.1,50,25,21,6,15,4,49,0,0,1,200,102,3.67,1.403,9.7,1.2,2.9,9.5,3.27,1,ennsdi01
331,Tyler Gilbert,49,2025,31,CHW,AL,4,2,.667,6,3.88,46,5,0,0,1,51.0,40,24,22,5,24,3,49,2,0,2,215,107,4.02,1.255,7.1,0.9,4.2,8.6,2.04,1,gilbety01
332,Kaleb Ort,49,2025,33,HOU,AL,2,2,.500,4,4.89,49,0,0,0,1,46.0,35,26,25,8,27,1,49,0,0,2,194,84,5.03,1.348,6.8,1.6,5.3,9.6,1.81,1,ortka01
333,Justin Topa,49,2025,34,MIN,AL,1,5,.167,6,3.90,54,1,0,0,4,60.0,68,32,26,2,18,3,49,4,0,0,268,108,3.04,1.433,10.2,0.3,2.7,7.4,2.72,1,topaju01
334,Victor Vodnik,49,2025,25,COL,NL,4,3,.571,7,3.02,52,0,0,0,10,50.2,45,19,17,4,26,2,49,0,0,4,215,162,3.77,1.401,8.0,0.7,4.6,8.7,1.88,1,vodnivi01
335,Ronel Blanco,48,2025,31,HOU,AL,3,4,.429,7,4.10,9,9,0,0,0,48.1,37,22,22,7,20,0,48,0,0,0,199,101,4.27,1.179,6.9,1.3,3.7,8.9,2.40,/1,blancro01
336,Lucas Erceg,48,2025,30,KCR,AL,8,4,.667,12,2.64,61,0,0,0,2,61.1,54,19,18,4,18,3,48,4,0,3,249,156,3.49,1.174,7.9,0.6,2.6,7.0,2.67,1,erceglu01
337,Luis García,48,2025,38,LAALADWSN,ALNL,2,2,.500,4,3.42,58,0,0,0,2,55.1,55,23,21,2,26,5,48,0,0,9,233,123,3.28,1.464,8.9,0.3,4.2,7.8,1.85,1,garcilu03
338,Tyler Rogers,48,2025,34,NYMSFG,NL,4,6,.400,10,1.98,81,0,0,0,0,77.1,66,20,17,4,7,0,48,1,0,0,299,205,2.88,0.944,7.7,0.5,0.8,5.6,6.86,1,rogerty01
339,Jalen Beeks,47,2025,31,ARI,NL,5,3,.625,8,3.77,61,2,0,0,1,57.1,42,26,24,6,20,2,47,2,0,1,231,114,4.01,1.081,6.6,0.9,3.1,7.4,2.35,1,beeksja02
340,Kyle Bradish,47,2025,28,BAL,AL,1,1,.500,2,2.53,6,6,0,0,0,32.0,23,9,9,3,10,0,47,1,0,0,126,162,2.45,1.031,6.5,0.8,2.8,13.2,4.70,/1,bradiky01
341,Emmanuel Clase,47,2025,27,CLE,AL,5,3,.625,8,3.23,48,0,0,0,24,47.1,46,20,17,2,12,2,47,4,0,4,201,129,2.71,1.225,8.7,0.4,2.3,8.9,3.92,1,claseem01
342,Jordan Romano,47,2025,32,PHI,NL,2,4,.333,6,8.23,49,0,0,0,8,42.2,45,40,39,10,17,1,47,3,1,0,187,54,5.39,1.453,9.5,2.1,3.6,9.9,2.76,1,romanjo03
343,Brandon Young,47,2025,26,BAL,AL,1,7,.125,8,6.24,12,12,0,0,0,57.2,67,42,40,12,22,0,47,0,0,0,256,65,5.35,1.543,10.5,1.9,3.4,7.3,2.14,1,youngbr01
344,Jonathan Bowlan,46,2025,28,KCR,AL,1,2,.333,3,3.86,34,1,0,0,0,44.1,37,21,19,6,17,0,46,0,0,1,180,107,3.97,1.218,7.5,1.2,3.5,9.3,2.71,1,bowlajo01
345,Nick Mears,46,2025,28,MIL,NL,5,3,.625,8,3.49,63,0,0,0,1,56.2,42,25,22,7,13,1,46,1,0,2,221,120,3.86,0.971,6.7,1.1,2.1,7.3,3.54,1,mearsni01
346,Hunter Dobbins,45,2025,25,BOS,AL,4,1,.800,5,4.13,13,11,0,0,0,61.0,61,30,28,6,17,1,45,2,0,0,256,99,3.87,1.279,9.0,0.9,2.5,6.6,2.65,1,dobbihu01
347,Tim Herrin,45,2025,28,CLE,AL,5,4,.556,9,4.85,54,0,0,0,0,42.2,37,23,23,5,30,2,45,6,0,2,194,86,5.08,1.570,7.8,1.1,6.3,9.5,1.50,1,herriti01
348,Daniel Lynch IV,45,2025,28,KCR,AL,6,2,.750,8,3.06,57,2,0,0,1,67.2,66,24,23,8,26,1,45,6,0,1,289,135,4.76,1.360,8.8,1.1,3.5,6.0,1.73,1,lynchda02
349,Isaac Mattson,45,2025,29,PIT,NL,3,3,.500,6,2.45,44,0,0,0,0,47.2,35,14,13,4,19,2,45,2,0,0,198,179,3.66,1.133,6.6,0.8,3.6,8.5,2.37,1,mattsis01
350,Riley O'Brien,45,2025,30,STL,NL,3,1,.750,4,2.06,42,0,0,0,6,48.0,33,13,11,2,22,2,45,7,0,3,199,198,3.61,1.146,6.2,0.4,4.1,8.4,2.05,1,obrieri01
351,Yohan Ramírez,45,2025,30,PIT,NL,3,3,.500,6,5.40,24,0,0,0,0,33.1,33,25,20,4,16,1,45,4,0,4,155,81,3.80,1.470,8.9,1.1,4.3,12.2,2.81,1,ramiryo01
352,Taylor Clarke,44,2025,32,KCR,AL,1,1,.500,2,3.25,51,0,0,0,1,55.1,38,20,20,8,9,0,44,1,0,5,206,127,3.97,0.849,6.2,1.3,1.5,7.2,4.89,1,clarkta01
353,Mason Englert,44,2025,25,TBR,AL,0,1,.000,1,3.83,29,0,0,0,0,44.2,43,20,19,4,11,0,44,1,0,2,185,109,3.14,1.209,8.7,0.8,2.2,8.9,4.00,1,englema01
354,Martín Pérez,44,2025,34,CHW,AL,1,6,.143,7,3.54,11,10,0,0,0,56.0,40,23,22,6,22,0,44,2,0,0,228,118,4.24,1.107,6.4,1.0,3.5,7.1,2.00,1,perezma02
355,Brock Stewart,44,2025,33,LADMIN,ALNL,2,2,.500,4,2.63,43,0,0,0,0,37.2,32,11,11,3,13,2,44,4,0,1,159,162,3.19,1.195,7.6,0.7,3.1,10.5,3.38,1,stewabr01
356,Brennan Bernardino,43,2025,33,BOS,AL,4,3,.571,7,3.14,55,3,0,0,1,51.2,39,23,18,1,26,5,43,3,0,3,224,130,3.41,1.258,6.8,0.2,4.5,7.5,1.65,1,bernabr01
357,Angel Chivilli,43,2025,22,COL,NL,1,5,.167,6,7.06,43,0,0,0,0,58.2,76,49,46,13,23,1,43,6,0,4,275,69,6.03,1.688,11.7,2.0,3.5,6.6,1.87,1,chivian01
358,Danny Coulombe,43,2025,35,MINTEX,AL,2,1,.667,3,2.30,55,1,0,0,2,43.0,32,11,11,3,18,0,43,0,0,1,176,180,3.30,1.163,6.7,0.6,3.8,9.0,2.39,1,couloda01
359,Cade Gibson,43,2025,27,MIA,NL,4,5,.444,9,2.63,44,1,0,0,0,54.2,44,18,16,3,21,3,43,6,0,6,230,163,3.76,1.189,7.2,0.5,3.5,7.1,2.05,1,gibsoca01
360,Chris Martin,43,2025,39,TEX,AL,2,6,.250,8,2.98,49,0,0,0,2,42.1,43,18,14,6,8,3,43,1,0,2,174,128,3.58,1.205,9.1,1.3,1.7,9.1,5.38,1,martich02
361,Luis Morales,43,2025,22,ATH,AL,4,3,.571,7,3.14,10,9,0,0,0,48.2,38,18,17,8,18,0,43,1,0,2,199,138,4.68,1.151,7.0,1.5,3.3,8.0,2.39,1,morallu01
362,Kolby Allard,42,2025,27,CLE,AL,2,2,.500,4,2.63,33,2,0,0,0,65.0,64,22,19,5,14,3,42,1,0,0,266,158,3.54,1.200,8.9,0.7,1.9,5.8,3.00,1,allarko01
363,Anthony Bender,42,2025,30,MIA,NL,3,5,.375,8,2.16,51,0,0,0,4,50.0,32,13,12,3,21,2,42,2,0,1,204,199,3.62,1.060,5.8,0.5,3.8,7.6,2.00,1,bendean01
364,Ian Hamilton,42,2025,30,NYY,AL,2,1,.667,3,4.28,36,1,0,0,0,40.0,28,20,19,5,22,1,42,1,0,2,166,97,4.39,1.250,6.3,1.1,5.0,9.5,1.91,1,hamilia01
365,Landon Knack,42,2025,27,LAD,NL,3,2,.600,5,4.89,10,7,0,0,1,42.1,40,25,23,10,19,0,42,2,0,1,185,85,5.71,1.394,8.5,2.1,4.0,8.9,2.21,1,knackla01
366,Johan Oviedo,42,2025,27,PIT,NL,2,1,.667,3,3.57,9,9,0,0,0,40.1,26,17,16,6,23,0,42,3,1,1,170,123,4.92,1.215,5.8,1.3,5.1,9.4,1.83,/1,oviedjo01
367,Erik Sabrowski,42,2025,27,CLE,AL,0,1,.000,1,1.84,33,0,0,0,0,29.1,14,8,6,2,21,0,42,3,0,0,121,227,3.61,1.193,4.3,0.6,6.4,12.9,2.00,1,sabroer01
368,AJ Smith-Shawver,42,2025,22,ATL,NL,3,2,.600,5,3.86,9,9,0,0,0,44.1,42,20,19,4,21,0,42,1,0,3,192,109,3.90,1.421,8.5,0.8,4.3,8.5,2.00,/1,smithaj01
369,Tristan Beck,41,2025,29,SFG,NL,1,0,1.000,1,4.61,31,1,0,0,2,56.2,47,29,29,7,16,0,41,2,0,3,232,87,4.25,1.112,7.5,1.1,2.5,6.5,2.56,1,becktr01
370,Caleb Boushley,41,2025,31,TEX,AL,0,0,,0,6.02,25,1,0,0,1,43.1,54,33,29,5,14,1,41,2,0,1,193,63,3.85,1.569,11.2,1.0,2.9,8.5,2.93,1,boushca01
371,Luis Gil,41,2025,27,NYY,AL,4,1,.800,5,3.32,11,11,0,0,0,57.0,47,23,21,5,33,0,41,1,2,4,244,124,4.63,1.404,7.4,0.8,5.2,6.5,1.24,1,gillu01
372,Cade Cavalli,40,2025,26,WSN,NL,3,1,.750,4,4.25,10,10,0,0,0,48.2,57,28,23,7,15,0,40,4,0,3,219,99,4.53,1.479,10.5,1.3,2.8,7.4,2.67,1,cavalca01
373,Richard Fitts,40,2025,25,BOS,AL,2,4,.333,6,5.00,11,10,0,0,0,45.0,43,27,25,11,16,0,40,3,1,1,195,82,5.80,1.311,8.6,2.2,3.2,8.0,2.50,1,fittsri01
374,Kody Funderburk,40,2025,28,MIN,AL,4,1,.800,5,3.51,39,0,0,0,1,41.0,44,17,16,2,18,1,40,3,1,5,183,120,3.35,1.512,9.7,0.4,4.0,8.8,2.22,1,fundeko01
375,Gordon Graceffo,40,2025,25,STL,NL,3,1,.750,4,6.28,26,0,0,0,1,43.0,50,33,30,2,13,0,40,2,0,2,193,65,2.93,1.465,10.5,0.4,2.7,8.4,3.08,1,gracego01
376,Brenan Hanifee,40,2025,27,DET,AL,3,3,.500,6,3.00,54,0,0,0,0,60.0,65,31,20,3,14,2,40,2,0,2,260,139,3.25,1.317,9.8,0.5,2.1,6.0,2.86,1,hanifbr01
377,Porter Hodge,40,2025,24,CHC,NL,2,2,.500,4,6.27,36,0,0,0,2,33.0,34,24,23,9,18,1,40,0,1,5,147,64,5.89,1.576,9.3,2.5,4.9,10.9,2.22,1,hodgepo01
378,Eric Orze,40,2025,27,TBR,AL,1,1,.500,2,3.02,33,0,0,0,3,41.2,38,16,14,4,19,1,40,3,0,0,178,138,4.05,1.368,8.2,0.9,4.1,8.6,2.11,1,orzeer01
379,Mick Abel,39,2025,23,MINPHI,ALNL,3,4,.429,7,6.23,10,8,0,0,0,39.0,43,28,27,8,16,0,39,1,0,2,174,71,5.11,1.513,9.9,1.8,3.7,9.0,2.44,1,abelmi01
380,José Fermin,39,2025,23,LAA,AL,3,2,.600,5,4.46,40,0,0,0,0,34.1,25,21,17,8,23,2,39,1,1,1,152,93,5.99,1.398,6.6,2.1,6.0,10.2,1.70,1,fermijo02
381,Carlos Hernández,39,2025,28,CLEDETPHI,ALNL,1,0,1.000,1,6.23,41,0,0,0,0,43.1,50,32,30,4,22,1,39,2,0,6,203,71,4.20,1.662,10.4,0.8,4.6,8.1,1.77,1,hernaca04
382,Jackson Jobe,39,2025,22,DET,AL,4,1,.800,5,4.22,10,10,0,0,0,49.0,46,24,23,7,27,0,39,2,0,1,218,99,5.18,1.490,8.4,1.3,5.0,7.2,1.44,1,jobeja01
383,Joe Ross,39,2025,32,PHI,NL,2,1,.667,3,5.12,37,1,0,0,0,51.0,57,30,29,8,18,1,39,3,0,0,228,87,4.88,1.471,10.1,1.4,3.2,6.9,2.17,1,rossjo01
384,Kai-Wei Teng,39,2025,26,SFG,NL,2,4,.333,6,6.37,8,7,0,0,0,29.2,29,24,21,2,17,0,39,7,0,0,139,63,3.81,1.551,8.8,0.6,5.2,11.8,2.29,/1,tengka01
385,Steven Cruz,38,2025,26,KCR,AL,3,1,.750,4,3.74,47,0,0,0,0,45.2,36,20,19,5,18,1,38,1,0,1,189,110,4.14,1.182,7.1,1.0,3.5,7.5,2.11,1,cruzst01
386,Rico Garcia,38,2025,31,BALNYMNYY,ALNL,0,2,.000,2,3.15,29,1,0,0,0,34.1,31,12,12,5,10,1,38,0,0,2,142,134,3.69,1.194,8.1,1.3,2.6,10.0,3.80,1,garciri01
387,Tony Gonsolin,38,2025,31,LAD,NL,3,2,.600,5,5.00,7,7,0,0,0,36.0,33,21,20,9,18,0,38,3,0,1,157,83,6.02,1.417,8.3,2.3,4.5,9.5,2.11,/1,gonsoto01
388,Kyle Harrison,38,2025,23,BOSSFG,ALNL,1,1,.500,2,4.04,11,6,0,0,0,35.2,35,16,16,4,14,1,38,1,0,1,156,101,3.72,1.374,8.8,1.0,3.5,9.6,2.71,1,harriky01
389,Luke Jackson,38,2025,33,DETSEATEX,AL,2,5,.286,7,4.06,52,0,0,0,9,51.0,41,30,23,4,28,5,38,3,0,0,219,96,4.49,1.353,7.2,0.7,4.9,6.7,1.36,1,jackslu01
390,Parker Messick,38,2025,24,CLE,AL,3,1,.750,4,2.72,7,7,0,0,0,39.2,46,12,12,4,6,0,38,0,1,2,165,153,2.98,1.311,10.4,0.9,1.4,8.6,6.33,/1,messipa01
391,Tobias Myers,38,2025,26,MIL,NL,1,2,.333,3,3.55,22,6,0,0,0,50.2,54,21,20,5,15,0,38,2,1,0,220,119,3.92,1.362,9.6,0.9,2.7,6.8,2.53,1,myersto01
392,Shane Bieber,37,2025,30,TOR,AL,4,2,.667,6,3.57,7,7,0,0,0,40.1,34,16,16,8,7,0,37,1,0,0,159,123,4.47,1.017,7.6,1.8,1.6,8.3,5.29,/1,biebesh01
393,Kyle Hart,37,2025,32,SDP,NL,3,3,.500,6,5.86,20,6,0,0,0,43.0,38,28,28,9,13,0,37,2,1,0,179,72,5.18,1.186,8.0,1.9,2.7,7.7,2.85,1,hartky01
394,Tim Hill,37,2025,35,NYY,AL,4,4,.500,8,3.09,70,0,0,0,0,67.0,58,27,23,8,16,3,37,0,0,1,269,133,4.30,1.104,7.8,1.1,2.1,5.0,2.31,1,hillti01
395,Jack Perkins,37,2025,25,ATH,AL,3,2,.600,5,4.19,12,4,0,0,3,38.2,27,18,18,4,18,0,37,2,0,3,161,104,4.12,1.164,6.3,0.9,4.2,8.6,2.06,1,perkija01
396,Lou Trivino,37,2025,33,LADPHISFG,NL,3,2,.600,5,3.97,47,2,0,0,0,47.2,46,23,21,6,18,1,37,6,1,2,207,107,4.73,1.343,8.7,1.1,3.4,7.0,2.06,1,trivilo01
397,Ryan Weathers,37,2025,25,MIA,NL,2,2,.500,4,3.99,8,8,0,0,0,38.1,37,20,17,7,12,0,37,1,0,1,166,108,4.60,1.278,8.7,1.6,2.8,8.7,3.08,/1,weathry01
398,Andrew Chafin,36,2025,35,LAAWSN,ALNL,1,1,.500,2,2.41,42,0,0,0,0,33.2,29,11,9,2,19,0,36,0,0,8,143,176,3.46,1.426,7.8,0.5,5.1,9.6,1.89,1,chafian01
399,Anthony DeSclafani,36,2025,35,ARI,NL,1,2,.333,3,5.12,13,4,0,0,2,38.2,37,23,22,11,12,2,36,5,0,0,169,84,6.29,1.267,8.6,2.6,2.8,8.4,3.00,1,desclan01
400,Seth Halvorsen,36,2025,25,COL,NL,1,2,.333,3,4.99,42,0,0,0,11,39.2,41,26,22,7,21,1,36,0,0,3,173,98,5.20,1.563,9.3,1.6,4.8,8.2,1.71,1,halvose01
401,Chase Lee,36,2025,26,DET,AL,4,1,.800,5,4.10,32,0,0,0,0,37.1,32,17,17,7,9,1,36,2,0,0,148,102,4.53,1.098,7.7,1.7,2.2,8.7,4.00,1,leech02
402,Troy Melton,36,2025,24,DET,AL,3,2,.600,5,2.76,16,4,0,0,0,45.2,31,15,14,7,15,0,36,1,0,2,180,151,4.60,1.007,6.1,1.4,3.0,7.1,2.40,1,meltotr01
403,Juan Morillo,36,2025,26,ARI,NL,0,3,.000,3,4.19,42,0,0,0,1,34.1,38,19,16,2,20,0,36,1,0,3,152,103,3.63,1.689,10.0,0.5,5.2,9.4,1.80,1,morilju02
404,Josh Simpson,36,2025,27,MIA,NL,4,2,.667,6,7.34,31,0,0,0,0,30.2,34,28,25,5,22,2,36,3,0,3,151,59,5.35,1.826,10.0,1.5,6.5,10.6,1.64,1,simpsjo02
405,George Soriano,36,2025,26,MIA,NL,2,0,1.000,2,8.35,24,0,0,0,1,36.2,46,36,34,10,19,1,36,2,1,3,173,52,6.44,1.773,11.3,2.5,4.7,8.8,1.89,1,soriage01
406,Ryan Thompson,36,2025,33,ARI,NL,3,2,.600,5,3.92,48,0,0,0,1,41.1,42,21,18,4,13,2,36,2,1,0,175,110,3.74,1.331,9.1,0.9,2.8,7.8,2.77,1,thompry02
407,Blake Treinen,36,2025,37,LAD,NL,2,7,.222,9,5.40,32,0,0,0,2,26.2,30,18,16,4,19,4,36,2,0,1,129,77,4.75,1.838,10.1,1.4,6.4,12.2,1.89,1,treinbl01
408,Scott Blewett,35,2025,29,ATLBALMIN,ALNL,3,0,1.000,3,5.48,26,2,0,0,0,44.1,45,29,27,9,18,0,35,1,0,1,194,77,5.48,1.421,9.1,1.8,3.7,7.1,1.94,1,blewesc01
409,AJ Blubaugh,35,2025,24,HOU,AL,3,1,.750,4,1.69,11,3,0,0,0,32.0,17,11,6,6,11,0,35,0,0,0,124,245,4.42,0.875,4.8,1.7,3.1,9.8,3.18,1,blubaaj01
410,Cam Booser,35,2025,33,CHW,AL,2,4,.333,6,5.52,39,0,0,0,1,31.0,28,22,19,8,19,1,35,2,0,3,143,76,6.26,1.516,8.1,2.3,5.5,10.2,1.84,1,booseca01
411,Génesis Cabrera,35,2025,28,CHCMINNYMPIT,ALNL,0,1,.000,1,6.54,40,0,0,0,1,42.2,46,32,31,12,18,1,35,2,1,3,187,66,6.56,1.500,9.7,2.5,3.8,7.4,1.94,1,cabrege01
412,Chad Green,35,2025,34,TOR,AL,3,2,.600,5,5.56,45,0,0,0,1,43.2,51,28,27,14,13,2,35,2,0,0,190,79,6.73,1.466,10.5,2.9,2.7,7.2,2.69,1,greench03
413,Zack Kelly,35,2025,30,BOS,AL,1,3,.250,4,4.58,28,0,0,0,0,35.1,35,21,18,3,12,1,35,3,0,1,152,89,3.53,1.330,8.9,0.8,3.1,8.9,2.92,1,kellyza01
414,Kevin Kelly,35,2025,27,TBR,AL,2,5,.286,7,5.90,41,0,0,0,0,39.2,45,29,26,11,9,1,35,0,1,1,171,71,5.66,1.361,10.2,2.5,2.0,7.9,3.89,1,kellyke02
415,Hector Neris,35,2025,36,ATLHOULAA,ALNL,3,2,.600,5,6.75,35,0,0,0,0,26.2,29,25,20,6,16,1,35,1,1,4,124,63,5.35,1.688,9.8,2.0,5.4,11.8,2.19,1,nerishe01
416,Cole Winn,35,2025,25,TEX,AL,0,1,.000,1,1.51,33,0,0,0,0,41.2,23,8,7,3,17,2,35,4,0,1,162,252,3.90,0.960,5.0,0.6,3.7,7.6,2.06,1,winnco01
417,Paul Blackburn,34,2025,31,NYMNYY,ALNL,0,3,.000,3,6.23,15,4,0,0,1,39.0,47,29,27,6,12,0,34,1,1,1,175,67,4.39,1.513,10.8,1.4,2.8,7.8,2.83,1,blackpa01
418,Carlos Carrasco,34,2025,38,ATLNYY,ALNL,2,2,.500,4,7.09,11,9,0,0,0,45.2,61,36,36,10,17,0,34,0,0,1,212,59,5.61,1.708,12.0,2.0,3.4,6.7,2.00,1,carraca01
419,Ryan Fernandez,34,2025,27,STL,NL,0,4,.000,4,7.71,32,0,0,0,1,30.1,36,30,26,6,16,2,34,1,0,0,140,53,5.15,1.714,10.7,1.8,4.7,10.1,2.13,1,fernary01
420,Austin Gomber,34,2025,31,COL,NL,0,7,.000,7,7.49,12,12,0,0,0,57.2,82,51,48,16,17,0,34,1,0,4,272,65,6.50,1.717,12.8,2.5,2.7,5.3,2.00,1,gombeau01
421,Cristian Javier,34,2025,28,HOU,AL,2,4,.333,6,4.62,8,8,0,0,0,37.0,32,22,19,3,15,0,34,1,0,3,157,89,3.65,1.270,7.8,0.7,3.6,8.3,2.27,/1,javiecr01
422,Kyle Nicolas,34,2025,26,PIT,NL,1,2,.333,3,4.74,31,0,0,0,0,38.0,34,21,20,3,18,0,34,2,0,1,167,93,3.95,1.368,8.1,0.7,4.3,8.1,1.89,1,nicolky01
423,Konnor Pilkington,34,2025,27,WSN,NL,2,0,1.000,2,4.45,32,0,0,0,0,28.1,22,16,14,7,17,0,34,2,0,2,123,95,5.96,1.376,7.0,2.2,5.4,10.8,2.00,1,pilkiko01
424,José Ureña,34,2025,33,LAALADMINNYMTOR,ALNL,0,1,.000,1,4.58,19,6,0,0,1,55.0,57,29,28,8,23,1,34,3,0,2,245,94,5.21,1.455,9.3,1.3,3.8,5.6,1.48,1,urenajo01
425,Clayton Beeter,33,2025,26,NYYWSN,ALNL,0,3,.000,3,4.26,26,0,0,0,1,25.1,13,12,12,3,18,0,33,0,0,1,104,101,4.20,1.224,4.6,1.1,6.4,11.7,1.83,1,beetecl01
426,Caden Dana,33,2025,21,LAA,AL,0,4,.000,4,6.40,7,5,0,0,0,32.1,30,24,23,9,18,0,33,1,0,2,141,65,6.48,1.485,8.4,2.5,5.0,9.2,1.83,/1,danaca01
427,Logan Henderson,33,2025,23,MIL,NL,3,0,1.000,3,1.78,5,5,0,0,0,25.1,17,5,5,3,8,0,33,0,0,0,99,239,3.02,0.987,6.0,1.1,2.8,11.7,4.13,/1,hendelo01
428,Daysbel Hernández,33,2025,28,ATL,NL,4,3,.571,7,3.41,39,0,0,0,0,37.0,27,16,14,3,30,1,33,2,0,2,164,124,5.00,1.541,6.6,0.7,7.3,8.0,1.10,1,hernada03
429,Sam Long,33,2025,29,KCR,AL,2,3,.400,5,5.36,39,0,0,0,0,40.1,48,31,24,7,22,1,33,2,0,5,189,77,5.54,1.736,10.7,1.6,4.9,7.4,1.50,1,longsa01
430,José Alvarado,32,2025,30,PHI,NL,4,2,.667,6,3.81,28,0,0,0,7,26.0,27,12,11,4,7,0,32,1,0,3,114,118,3.60,1.308,9.3,1.4,2.4,11.1,4.57,1,alvarjo03
431,Ryan Borucki,32,2025,31,PITTOR,ALNL,1,3,.250,4,4.63,39,0,0,0,0,35.0,29,20,18,4,16,1,32,1,1,2,145,96,4.25,1.286,7.5,1.0,4.1,8.2,2.00,1,borucry01
432,Tanner Houck,32,2025,29,BOS,AL,0,3,.000,3,8.04,9,9,0,0,0,43.2,57,41,39,10,17,0,32,5,0,2,203,51,6.16,1.695,11.7,2.1,3.5,6.6,1.88,/1,houckta01
433,Frankie Montas,32,2025,32,NYM,NL,3,2,.600,5,6.28,9,7,0,0,0,38.2,48,29,27,8,14,0,32,1,0,1,178,66,5.33,1.603,11.2,1.9,3.3,7.4,2.29,/1,montafr02
434,Tommy Nance,32,2025,34,TOR,AL,2,0,1.000,2,1.99,30,0,0,0,0,31.2,25,11,7,0,7,0,32,1,0,1,126,221,1.87,1.011,7.1,0.0,2.0,9.1,4.57,1,nanceto01
435,Connor Phillips,32,2025,24,CIN,NL,5,0,1.000,5,2.88,21,0,0,0,0,25.0,11,9,8,3,12,0,32,2,0,2,98,156,3.82,0.920,4.0,1.1,4.3,11.5,2.67,1,phillco01
436,Trent Thornton,32,2025,31,SEA,AL,2,0,1.000,2,4.68,33,0,0,0,0,42.1,41,23,22,6,14,2,32,4,0,1,180,82,4.74,1.299,8.7,1.3,3.0,6.8,2.29,1,thorntr01
437,Travis Adams,31,2025,25,MIN,AL,1,4,.200,5,7.49,18,2,0,0,0,33.2,39,29,28,6,17,0,31,3,0,5,158,56,5.39,1.663,10.4,1.6,4.5,8.3,1.82,1,adamstr01
438,Spencer Arrighetti,31,2025,25,HOU,AL,1,5,.167,6,5.35,7,7,0,0,0,35.1,30,21,21,6,20,0,31,3,0,0,156,77,5.54,1.415,7.6,1.5,5.1,7.9,1.55,/1,arrigsp01
439,Bubba Chandler,31,2025,22,PIT,NL,4,1,.800,5,4.02,7,4,0,0,1,31.1,25,14,14,2,4,0,31,3,0,1,124,109,2.66,0.926,7.2,0.6,1.1,8.9,7.75,/1,chandbu01
440,Jaden Hill,31,2025,25,COL,NL,1,1,.500,2,3.38,28,0,0,0,0,29.1,27,14,11,2,12,0,31,3,0,3,129,145,3.44,1.330,8.3,0.6,3.7,9.5,2.58,1,hillja01
441,Joey Lucchesi,31,2025,32,SFG,NL,0,1,.000,1,3.76,38,0,0,0,0,38.1,35,17,16,4,12,1,31,2,1,2,165,107,3.97,1.226,8.2,0.9,2.8,7.3,2.58,1,lucchjo01
442,Chase Shugart,31,2025,28,PIT,NL,4,3,.571,7,3.40,35,0,0,0,0,45.0,33,18,17,6,17,2,31,1,0,3,181,129,4.69,1.111,6.6,1.2,3.4,6.2,1.82,1,shugach01
443,Grant Wolfram,31,2025,28,BAL,AL,3,1,.750,4,5.40,21,0,0,0,0,26.2,35,20,16,2,15,1,31,1,0,3,133,76,3.59,1.875,11.8,0.7,5.1,10.5,2.07,1,wolfrgr01
444,José Castillo,30,2025,29,ARIBALNYMSEA,ALNL,2,2,.500,4,3.94,29,0,0,0,0,32.0,40,18,14,4,14,1,30,4,3,1,149,109,4.57,1.688,11.3,1.1,3.9,8.4,2.14,1,castijo03
445,Dylan Dodd,30,2025,27,ATL,NL,1,0,1.000,1,3.60,28,0,0,0,0,35.0,28,14,14,5,5,0,30,1,0,1,136,117,3.79,0.943,7.2,1.3,1.3,7.7,6.00,1,dodddy01
446,Nic Enright,30,2025,28,CLE,AL,2,1,.667,3,2.03,27,0,0,0,1,31.0,24,8,7,3,12,0,30,2,1,0,127,206,3.81,1.161,7.0,0.9,3.5,8.7,2.50,1,enrigni01
447,Brent Headrick,30,2025,27,NYY,AL,0,0,,0,3.13,17,0,0,0,0,23.0,17,8,8,4,7,1,30,1,0,2,92,133,3.83,1.043,6.7,1.6,2.7,11.7,4.29,1,headrbr01
448,Chris Murphy,30,2025,27,BOS,AL,3,0,1.000,3,3.12,23,0,0,0,0,34.2,21,12,12,4,20,1,30,5,0,1,148,132,5.07,1.183,5.5,1.0,5.2,7.8,1.50,1,murphch01
449,Shinnosuke Ogasawara,30,2025,27,WSN,NL,1,1,.500,2,6.98,23,2,0,0,0,38.2,43,30,30,9,17,0,30,3,0,1,173,60,6.16,1.552,10.0,2.1,4.0,7.0,1.76,1,ogasash01
450,Lyon Richardson,30,2025,25,CIN,NL,0,3,.000,3,4.54,34,0,0,0,0,37.2,37,25,19,2,21,4,30,2,0,0,172,99,4.06,1.540,8.8,0.5,5.0,7.2,1.43,1,richaly01
451,Nestor Cortes,29,2025,30,MILSDP,NL,2,4,.333,6,6.29,8,8,0,0,0,34.1,36,24,24,13,20,0,29,2,0,0,157,68,8.29,1.631,9.4,3.4,5.2,7.6,1.45,/1,cortene01
452,Connelly Early,29,2025,23,BOS,AL,1,2,.333,3,2.33,4,4,0,0,0,19.1,17,6,5,0,4,0,29,1,0,0,79,178,0.91,1.086,7.9,0.0,1.9,13.5,7.25,/1,earlyco01
453,Kevin Ginkel,29,2025,31,ARI,NL,1,4,.200,5,7.36,29,0,0,0,3,25.2,29,22,21,2,13,0,29,2,0,1,121,59,3.64,1.636,10.2,0.7,4.6,10.2,2.23,1,ginkeke01
454,Michael Kelly,29,2025,32,ATH,AL,4,4,.500,8,3.18,42,0,0,0,2,39.2,32,17,14,5,19,3,29,1,0,1,166,137,4.82,1.286,7.3,1.1,4.3,6.6,1.53,1,kellymi03
455,Ben Lively,29,2025,33,CLE,AL,2,2,.500,4,3.22,9,9,0,0,0,44.2,38,16,16,6,15,0,29,0,0,0,178,129,4.59,1.187,7.7,1.2,3.0,5.8,1.93,/1,livelbe01
456,Hayden Wesneski,29,2025,27,HOU,AL,1,3,.250,4,4.50,6,6,0,0,0,32.0,29,16,16,7,6,0,29,1,0,0,131,92,4.82,1.094,8.2,2.0,1.7,8.2,4.83,/1,wesneha01
457,Yerry de los Santos,28,2025,27,NYY,AL,0,1,.000,1,3.28,25,0,0,0,0,35.2,37,15,13,1,17,0,28,1,0,2,160,126,3.44,1.514,9.3,0.3,4.3,7.1,1.65,1,delosye01
458,Shawn Dubin,28,2025,29,BALHOU,AL,2,0,1.000,2,5.08,30,0,0,0,0,33.2,37,19,19,6,11,0,28,2,0,0,145,82,4.95,1.426,9.9,1.6,2.9,7.5,2.55,1,dubinsh01
459,John King,28,2025,30,STL,NL,2,1,.667,3,4.66,51,0,0,0,0,48.1,65,30,25,8,14,0,28,0,0,3,222,88,5.00,1.634,12.1,1.5,2.6,5.2,2.00,1,kingjo01
460,Ryan Pressly,28,2025,36,CHC,NL,2,3,.400,5,4.35,44,0,0,0,5,41.1,46,24,20,6,17,0,28,2,0,0,182,92,5.05,1.524,10.0,1.3,3.7,6.1,1.65,1,pressry01
461,Roki Sasaki,28,2025,23,LAD,NL,1,1,.500,2,4.46,10,8,0,0,0,36.1,30,18,18,6,22,0,28,3,0,2,161,93,5.80,1.431,7.4,1.5,5.4,6.9,1.27,1,sasakro01
462,Paxton Schultz,28,2025,27,TOR,AL,0,0,,0,4.38,13,2,0,0,0,24.2,27,16,12,4,8,0,28,1,0,0,110,101,4.07,1.419,9.9,1.5,2.9,10.2,3.50,1,schulpa01
463,Bryse Wilson,28,2025,27,CHW,AL,0,2,.000,2,6.65,20,5,0,0,0,47.1,67,37,35,11,19,0,28,2,0,0,224,63,6.30,1.817,12.7,2.1,3.6,5.3,1.47,1,wilsobr02
464,Bradley Blalock,27,2025,24,COL,NL,2,6,.250,8,9.36,14,12,0,0,0,58.2,85,61,61,17,23,1,27,3,0,2,275,52,7.31,1.841,13.0,2.6,3.5,4.1,1.17,1,blalobr01
465,Matt Gage,27,2025,32,DETSFG,ALNL,0,1,.000,1,3.19,33,2,0,0,0,31.0,35,11,11,0,12,1,27,2,0,3,137,128,2.75,1.516,10.2,0.0,3.5,7.8,2.25,1,gagema01
466,DL Hall,27,2025,26,MIL,NL,1,0,1.000,1,3.49,20,3,0,0,0,38.2,24,15,15,2,17,0,27,0,0,0,155,121,3.73,1.060,5.6,0.5,4.0,6.3,1.59,1,halldl01
467,Pierson Ohl,27,2025,25,MIN,AL,0,3,.000,3,5.10,14,3,0,0,0,30.0,38,22,17,5,7,0,27,0,0,0,133,83,4.20,1.500,11.4,1.5,2.1,8.1,3.86,1,ohlpi01
468,Carson Palmquist,27,2025,24,COL,NL,0,4,.000,4,8.91,9,7,0,0,0,34.1,45,35,34,10,25,0,27,3,0,1,175,55,7.80,2.039,11.8,2.6,6.6,7.1,1.08,/1,palmqca01
469,PJ Poulin,27,2025,28,WSN,NL,2,1,.667,3,3.65,28,0,0,0,1,24.2,23,10,10,2,13,0,27,2,0,0,110,116,3.82,1.459,8.4,0.7,4.7,9.9,2.08,1,poulipj01
470,John Brebbia,26,2025,35,ATLDET,ALNL,1,1,.500,2,7.71,22,0,0,0,0,23.1,28,23,20,5,12,0,26,4,0,2,115,55,5.75,1.714,10.8,1.9,4.6,10.0,2.17,1,brebbjo01
471,Carson Fulmer,26,2025,31,LAA,AL,0,0,,0,5.83,13,0,0,0,0,29.1,25,19,19,5,11,0,26,0,0,2,123,71,4.70,1.227,7.7,1.5,3.4,8.0,2.36,1,fulmeca01
472,Sawyer Gipson-Long,26,2025,27,DET,AL,0,2,.000,2,7.18,8,3,0,0,0,31.1,34,26,25,8,6,0,26,2,0,3,133,58,5.56,1.277,9.8,2.3,1.7,7.5,4.33,/1,gipsosa01
473,Max Lazar,26,2025,26,PHI,NL,1,1,.500,2,4.79,36,0,0,0,1,41.1,41,23,22,7,12,0,26,0,0,3,170,93,4.95,1.282,8.9,1.5,2.6,5.7,2.17,1,lazarma01
474,Carson Seymour,26,2025,26,SFG,NL,1,3,.250,4,4.75,16,3,0,0,0,36.0,37,21,19,9,13,0,26,1,0,0,156,84,6.11,1.389,9.3,2.3,3.3,6.5,2.00,1,seymoca01
475,Marcus Stroman,26,2025,34,NYY,AL,3,2,.600,5,6.23,9,9,0,0,0,39.0,44,27,27,6,16,0,26,2,0,1,175,66,5.19,1.538,10.2,1.4,3.7,6.0,1.63,/1,stromma01
476,Nabil Crismatt,25,2025,30,ARI,NL,3,0,1.000,3,3.71,8,5,0,0,0,34.0,40,20,14,6,9,0,25,1,0,1,153,116,4.84,1.441,10.6,1.6,2.4,6.6,2.78,/1,crismna01
477,Ryan Feltner,25,2025,28,COL,NL,0,2,.000,2,4.75,6,6,0,0,0,30.1,33,17,16,4,12,0,25,0,0,0,135,103,4.39,1.484,9.8,1.2,3.6,7.4,2.08,/1,feltnry01
478,Yimi García,25,2025,34,TOR,AL,1,2,.333,3,3.86,22,0,0,0,3,21.0,13,10,9,2,12,1,25,1,0,2,90,114,3.85,1.190,5.6,0.9,5.1,10.7,2.08,1,garciyi01
479,Wikelman González,25,2025,23,CHW,AL,1,0,1.000,1,2.66,16,0,0,0,0,20.1,13,9,6,1,12,0,25,0,0,0,87,159,3.09,1.230,5.8,0.4,5.3,11.1,2.08,1,gonzawi02
480,Max Kranick,25,2025,27,NYM,NL,3,2,.600,5,3.65,24,0,0,0,0,37.0,34,15,15,5,5,0,25,0,0,0,148,113,3.95,1.054,8.3,1.2,1.2,6.1,5.00,1,kranima01
481,Jonathan Loáisiga,25,2025,30,NYY,AL,0,1,.000,1,4.25,30,0,0,0,1,29.2,34,15,14,7,10,3,25,3,0,1,135,98,5.83,1.483,10.3,2.1,3.0,7.6,2.50,1,loaisjo01
482,Brooks Raley,25,2025,37,NYM,NL,3,1,.750,4,2.45,30,0,0,0,0,25.2,14,7,7,0,6,0,25,2,0,0,99,169,2.12,0.779,4.9,0.0,2.1,8.8,4.17,1,raleybr01
483,Sean Reynolds,25,2025,27,SDP,NL,0,1,.000,1,5.33,19,1,0,0,0,27.0,20,16,16,4,17,0,25,3,0,1,117,79,5.43,1.370,6.7,1.3,5.7,8.3,1.47,1,reynose01
484,Orlando Ribalta,25,2025,27,WSN,NL,0,0,,0,7.03,22,0,0,0,0,24.1,28,19,19,6,17,0,25,1,1,0,120,60,6.50,1.849,10.4,2.2,6.3,9.2,1.47,1,ribalor01
485,Manuel Rodríguez,25,2025,28,TBR,AL,1,2,.333,3,2.08,31,0,0,0,0,30.1,26,9,7,2,6,0,25,1,0,1,121,202,3.04,1.055,7.7,0.6,1.8,7.4,4.17,1,rodrima01
486,Ryan Rolison,25,2025,27,COL,NL,1,0,1.000,1,7.02,31,1,0,0,0,42.1,55,35,33,11,20,0,25,0,1,1,193,70,6.75,1.772,11.7,2.3,4.3,5.3,1.25,1,rolisry01
487,Evan Sisk,25,2025,28,KCRPIT,ALNL,1,1,.500,2,3.57,19,0,0,0,0,17.2,16,7,7,1,10,0,25,2,1,3,80,125,3.08,1.472,8.2,0.5,5.1,12.7,2.50,1,siskev01
488,Justin Slaten,25,2025,27,BOS,AL,2,4,.333,6,4.24,36,0,0,0,3,34.0,27,19,16,3,10,2,25,0,0,1,137,97,3.69,1.088,7.1,0.8,2.6,6.6,2.50,1,slateju01
489,Anthony Veneziano,25,2025,27,MIASTL,NL,0,0,,0,4.68,26,1,0,0,0,25.0,28,13,13,4,11,0,25,2,0,1,117,93,4.78,1.560,10.1,1.4,4.0,9.0,2.27,1,venezan01
490,Zach Brzykcy,24,2025,25,WSN,NL,0,1,.000,1,9.00,26,0,0,0,0,23.0,28,23,23,6,12,0,24,2,0,2,110,47,6.27,1.739,11.0,2.3,4.7,9.4,2.00,1,brzykza01
491,John Curtiss,24,2025,32,ARI,NL,3,2,.600,5,3.93,30,0,0,0,1,36.2,29,18,16,5,5,0,24,0,0,0,141,110,4.01,0.927,7.1,1.2,1.2,5.9,4.80,1,curtijo02
492,Mitch Farris,24,2025,24,LAA,AL,1,3,.250,4,6.66,5,5,0,0,0,24.1,24,19,18,4,11,0,24,1,0,1,107,62,4.78,1.438,8.9,1.5,4.1,8.9,2.18,/1,farrimi01
493,Anthony Molina,24,2025,23,COL,NL,1,1,.500,2,7.27,17,1,0,0,0,34.2,52,30,28,12,6,0,24,2,1,1,160,67,6.94,1.673,13.5,3.1,1.6,6.2,4.00,1,molinan01
494,Joel Payamps,24,2025,31,ATLMIL,NL,0,1,.000,1,6.84,30,0,0,0,1,26.1,31,20,20,4,9,1,24,2,0,0,117,63,4.54,1.519,10.6,1.4,3.1,8.2,2.67,1,payamjo01
495,Matt Sauer,24,2025,26,LAD,NL,2,1,.667,3,6.37,10,1,0,0,1,29.2,35,23,21,6,8,0,24,2,0,1,129,65,5.16,1.449,10.6,1.8,2.4,7.3,3.00,1,sauerma01
496,Tayler Scott,24,2025,33,ARIHOU,ALNL,1,2,.333,3,7.90,24,0,0,0,0,27.1,34,25,24,6,18,0,24,1,0,0,134,54,6.32,1.902,11.2,2.0,5.9,7.9,1.33,1,scottta02
497,Collin Snider,24,2025,29,SEA,AL,2,1,.667,3,5.47,24,0,0,0,0,26.1,32,20,16,3,6,1,24,2,0,1,119,71,3.70,1.443,10.9,1.0,2.1,8.2,4.00,1,snideco01
498,Kade Strowd,24,2025,27,BAL,AL,0,1,.000,1,1.71,25,0,0,0,0,26.1,16,6,5,1,13,0,24,1,0,2,105,241,3.40,1.101,5.5,0.3,4.4,8.2,1.85,1,strowka01
499,Javier Assad,23,2025,27,CHC,NL,4,1,.800,5,3.65,8,7,0,0,0,37.0,33,15,15,3,12,0,23,4,0,1,153,110,4.24,1.216,8.0,0.7,2.9,5.6,1.92,/1,assadja01
500,McCade Brown,23,2025,24,COL,NL,0,5,.000,5,7.36,7,7,0,0,0,25.2,30,21,21,6,17,0,23,5,0,1,126,67,6.95,1.831,10.5,2.1,6.0,8.1,1.35,/1,brownmc01
501,Connor Gillispie,23,2025,27,MIA,NL,0,3,.000,3,8.65,6,6,0,0,0,26.0,32,26,25,6,11,0,23,1,0,1,123,50,5.75,1.654,11.1,2.1,3.8,8.0,2.09,/1,gillico01
502,Justin Hagenman,23,2025,28,NYM,NL,0,1,.000,1,4.56,9,1,0,0,1,23.2,24,13,12,4,2,0,23,1,0,0,99,91,3.77,1.099,9.1,1.5,0.8,8.7,11.50,/1,hagenju01
503,Gunnar Hoglund,23,2025,25,ATH,AL,1,3,.250,4,6.40,6,6,0,0,0,32.1,38,23,23,10,11,0,23,0,0,1,139,68,6.75,1.515,10.6,2.8,3.1,6.4,2.09,/1,hoglugu01
504,Alek Jacob,23,2025,27,SDP,NL,1,0,1.000,1,5.13,29,0,0,0,0,33.1,36,20,19,6,14,0,23,6,0,0,153,82,5.90,1.500,9.7,1.6,3.8,6.2,1.64,1,jacobal01
505,Justin Lawrence,23,2025,30,PIT,NL,1,0,1.000,1,0.51,17,0,0,0,0,17.2,9,1,1,0,8,2,23,2,0,2,69,871,2.23,0.962,4.6,0.0,4.1,11.7,2.88,1,lawreju01
506,Easton Lucas,23,2025,28,TOR,AL,3,3,.500,6,6.66,6,5,0,0,0,24.1,25,18,18,5,12,0,23,0,0,1,108,66,5.40,1.521,9.2,1.8,4.4,8.5,1.92,/1,lucasea01
507,Corbin Martin,23,2025,29,BAL,AL,1,0,1.000,1,6.00,17,0,0,0,2,18.0,22,15,12,4,9,0,23,2,1,1,89,69,5.30,1.722,11.0,2.0,4.5,11.5,2.56,1,martico02
508,Eduardo Salazar,23,2025,27,WSN,NL,0,1,.000,1,8.38,30,0,0,0,0,29.0,47,29,27,7,16,0,23,1,1,3,150,51,6.45,2.172,14.6,2.2,5.0,7.1,1.44,1,salazed01
509,Jake Woodford,23,2025,28,ARI,NL,0,4,.000,4,6.44,22,0,0,0,3,36.1,45,28,26,3,13,1,23,3,0,1,170,67,4.26,1.596,11.1,0.7,3.2,5.7,1.77,1,woodfja01
510,Kyle Backhus,22,2025,27,ARI,NL,0,3,.000,3,4.62,32,0,0,0,2,25.1,28,14,13,3,8,0,22,3,0,1,115,94,4.24,1.421,9.9,1.1,2.8,7.8,2.75,1,backhky01
511,JT Brubaker,22,2025,31,NYYSFG,ALNL,0,0,,0,3.77,17,1,0,0,0,28.2,23,12,12,0,12,1,22,1,0,2,117,110,2.96,1.221,7.2,0.0,3.8,6.9,1.83,1,brubajt01
512,Austin Cox,22,2025,28,ATL,NL,0,0,,0,8.86,13,1,0,0,0,21.1,30,21,21,9,7,0,22,0,0,2,102,48,7.54,1.734,12.7,3.8,3.0,9.3,3.14,1,coxau01
513,Fraser Ellard,22,2025,27,CHW,AL,1,2,.333,3,4.24,18,3,0,0,0,17.0,8,9,8,1,19,0,22,1,0,3,74,100,4.84,1.588,4.2,0.5,10.1,11.6,1.16,1,ellarfr01
514,Chris Flexen,22,2025,30,CHC,NL,5,1,.833,6,3.09,21,1,0,0,1,43.2,38,18,15,7,12,0,22,0,0,3,178,130,5.04,1.145,7.8,1.4,2.5,4.5,1.83,1,flexech01
515,Thomas Hatch,22,2025,30,KCRMIN,AL,2,1,.667,3,5.82,12,1,0,0,0,34.0,40,23,22,7,17,2,22,0,0,0,152,73,6.02,1.676,10.6,1.9,4.5,5.8,1.29,1,hatchto01
516,Justin Martínez,22,2025,23,ARI,NL,1,2,.333,3,4.11,17,0,0,0,5,15.1,7,8,7,1,12,1,22,3,0,2,67,106,4.05,1.239,4.1,0.6,7.0,12.9,1.83,1,martiju01
517,Erik Miller,22,2025,27,SFG,NL,4,1,.800,5,1.50,36,0,0,0,0,30.0,24,5,5,0,20,4,22,3,0,1,128,268,3.97,1.467,7.2,0.0,6.0,6.6,1.10,1,milleer01
518,Sam Moll,22,2025,33,CIN,NL,1,0,1.000,1,6.38,23,0,0,0,0,18.1,16,16,13,4,10,0,22,0,0,4,81,71,5.21,1.418,7.9,2.0,4.9,10.8,2.20,1,mollsa01
519,Taylor Rashi,22,2025,29,ARI,NL,0,1,.000,1,4.41,10,0,0,0,2,16.1,16,8,8,0,8,0,22,0,0,1,72,99,1.91,1.469,8.8,0.0,4.4,12.1,2.75,1,rashita01
520,David Robertson,22,2025,40,PHI,NL,2,0,1.000,2,4.08,20,0,0,0,2,17.2,18,9,8,4,8,1,22,0,0,0,78,111,4.95,1.472,9.2,2.0,4.1,11.2,2.75,1,roberda08
521,Chris Stratton,22,2025,34,KCRLAD,ALNL,0,0,,0,7.71,15,0,0,0,0,21.0,32,20,18,4,10,0,22,0,0,0,104,55,4.94,2.000,13.7,1.7,4.3,9.4,2.20,1,stratch01
522,Cole Sulser,22,2025,35,TBR,AL,2,1,.667,3,1.99,18,0,0,0,0,22.2,20,5,5,1,7,1,22,0,0,0,90,212,2.69,1.191,7.9,0.4,2.8,8.7,3.14,1,sulseco01
523,Jonah Tong,22,2025,22,NYM,NL,2,3,.400,5,7.71,5,5,0,0,0,18.2,24,20,16,3,9,0,22,0,0,3,87,54,4.31,1.768,11.6,1.4,4.3,10.6,2.44,/1,tongjo01
524,Brandon Waddell,22,2025,31,NYM,NL,0,0,,0,3.45,11,1,0,0,0,31.1,29,12,12,4,11,0,22,1,0,0,134,120,4.54,1.277,8.3,1.1,3.2,6.3,2.00,1,waddebr01
525,Dan Altavilla,21,2025,32,CHW,AL,0,1,.000,1,2.48,28,0,0,0,2,29.0,19,9,8,4,15,0,21,4,0,1,120,169,5.45,1.172,5.9,1.2,4.7,6.5,1.40,1,altavda01
526,Dane Dunning,21,2025,30,ATLTEX,ALNL,0,0,,0,6.97,12,0,0,0,2,20.2,24,17,16,4,7,1,21,3,0,1,95,59,5.07,1.500,10.5,1.7,3.0,9.1,3.00,1,dunnida01
527,Yaramil Hiraldo,21,2025,29,BAL,AL,0,0,,0,4.58,18,0,0,0,0,19.2,17,13,10,4,9,0,21,0,0,2,84,90,5.02,1.322,7.8,1.8,4.1,9.6,2.33,1,hiralya01
528,Bryce Jarvis,21,2025,27,ARI,NL,0,0,,0,5.73,12,0,0,0,1,22.0,23,14,14,3,10,0,21,1,0,0,98,76,4.50,1.500,9.4,1.2,4.1,8.6,2.10,1,jarvibr01
529,Will Klein,21,2025,25,LAD,NL,1,1,.500,2,2.35,14,0,0,0,0,15.1,14,6,4,0,10,0,21,2,0,0,70,179,2.74,1.565,8.2,0.0,5.9,12.3,2.10,1,kleinwi01
530,Luis Mey,21,2025,24,CIN,NL,2,0,1.000,2,3.43,23,0,0,0,0,21.0,17,8,8,3,17,0,21,1,0,2,96,131,5.56,1.619,7.3,1.3,7.3,9.0,1.24,1,meylu01
531,Noah Murdock,21,2025,26,ATH,AL,1,1,.500,2,13.24,14,0,0,0,0,17.0,26,25,25,0,20,3,21,2,1,0,98,33,4.55,2.706,13.8,0.0,10.6,11.1,1.05,1,murdono01
532,Cionel Pérez,21,2025,29,BAL,AL,0,0,,0,8.31,19,0,0,0,0,21.2,28,22,20,3,18,1,21,2,1,1,110,50,5.77,2.123,11.6,1.2,7.5,8.7,1.17,1,perezci01
533,Justin Steele,21,2025,29,CHC,NL,3,1,.750,4,4.76,4,4,0,0,0,22.2,21,12,12,5,5,0,21,1,0,0,92,85,4.94,1.147,8.3,2.0,2.0,8.3,4.20,/1,steelju01
534,Andrew Alvarez,20,2025,26,WSN,NL,1,1,.500,2,2.31,5,5,0,0,0,23.1,16,8,6,1,10,0,20,1,0,2,98,183,3.39,1.114,6.2,0.4,3.9,7.7,2.00,/1,alvaran01
535,Ryan Brasier,20,2025,37,CHC,NL,0,1,.000,1,4.50,28,1,0,0,0,26.0,27,13,13,2,5,0,20,0,0,0,105,90,3.17,1.231,9.3,0.7,1.7,6.9,4.00,1,brasiry01
536,Luis Curvelo,20,2025,24,TEX,AL,1,1,.500,2,5.68,17,0,0,0,0,19.0,17,13,12,3,10,1,20,0,0,0,84,68,4.66,1.421,8.1,1.4,4.7,9.5,2.00,1,curvelu01
537,Paul Sewald,20,2025,35,CLEDET,AL,1,1,.500,2,4.58,22,0,0,0,2,19.2,18,11,10,4,6,0,20,0,0,0,81,94,4.66,1.220,8.2,1.8,2.7,9.2,3.33,1,sewalpa01
538,Rob Zastryzny,20,2025,33,MIL,NL,2,1,.667,3,2.45,26,1,0,0,0,22.0,16,7,6,3,10,3,20,1,0,2,93,173,4.59,1.182,6.5,1.2,4.1,8.2,2.00,1,zastrro01
539,Zach Agnos,19,2025,24,COL,NL,1,3,.250,4,6.61,30,0,0,0,4,31.1,31,25,23,5,17,0,19,0,0,2,138,74,5.62,1.532,8.9,1.4,4.9,5.5,1.12,1,agnosza01
540,Bryan Hudson,19,2025,28,CHWMIL,ALNL,0,1,.000,1,4.80,16,0,0,0,0,15.0,15,10,8,2,13,2,19,2,1,0,75,91,5.34,1.867,9.0,1.2,7.8,11.4,1.46,1,hudsobr01
541,Adam Mazur,19,2025,24,MIA,NL,0,4,.000,4,4.80,6,6,0,0,0,30.0,33,21,16,4,12,0,19,1,0,2,139,90,4.90,1.500,9.9,1.2,3.6,5.7,1.58,/1,mazurad01
542,Dauri Moreta,19,2025,29,PIT,NL,1,1,.500,2,3.24,18,0,0,0,0,16.2,16,8,6,2,7,1,19,0,0,0,68,137,3.68,1.380,8.6,1.1,3.8,10.3,2.71,1,moretda01
543,Andrew Saalfrank,19,2025,27,ARI,NL,2,1,.667,3,1.24,28,0,0,0,3,29.0,19,5,4,1,10,1,19,0,0,2,113,348,3.31,1.000,5.9,0.3,3.1,5.9,1.90,1,saalfan01
544,Payton Tolle,19,2025,22,BOS,AL,0,1,.000,1,6.06,7,3,0,0,0,16.1,18,12,11,5,8,0,19,0,0,1,74,68,6.26,1.592,9.9,2.8,4.4,10.5,2.38,/1,tollepa01
545,Michael Tonkin,19,2025,35,MIN,AL,2,1,.667,3,4.88,21,0,0,0,0,24.0,20,13,13,3,8,0,19,5,0,1,103,87,4.80,1.167,7.5,1.1,3.0,7.1,2.38,1,tonkimi01
546,Sam Bachman,18,2025,25,LAA,AL,2,3,.400,5,6.20,23,0,0,0,0,20.1,22,15,14,1,10,0,18,1,0,2,94,67,3.63,1.574,9.7,0.4,4.4,8.0,1.80,1,bachmsa01
547,Mason Barnett,18,2025,24,ATH,AL,1,1,.500,2,6.85,5,5,0,0,0,22.1,26,18,17,3,11,0,18,1,0,2,104,64,4.88,1.657,10.5,1.2,4.4,7.3,1.64,/1,barnema02
548,Matt Bowman,18,2025,34,BAL,AL,0,1,.000,1,6.20,20,0,0,0,0,24.2,31,18,17,4,6,0,18,2,0,1,114,66,4.76,1.500,11.3,1.5,2.2,6.6,3.00,1,bowmama01
549,Justin Bruihl,18,2025,28,TOR,AL,0,0,,0,5.27,15,0,0,0,0,13.2,19,10,8,2,7,3,18,1,0,0,65,85,4.16,1.902,12.5,1.3,4.6,11.9,2.57,1,bruihju01
550,Andre Granillo,18,2025,25,STL,NL,1,0,1.000,1,4.71,14,0,0,0,1,21.0,22,11,11,3,7,0,18,1,0,2,91,88,4.42,1.381,9.4,1.3,3.0,7.7,2.57,1,granian01
551,Edgardo Henriquez,18,2025,23,LAD,NL,2,1,.667,3,2.37,22,0,0,0,1,19.0,17,5,5,2,5,0,18,0,0,2,78,176,3.40,1.158,8.1,0.9,2.4,8.5,3.60,1,henried01
552,Colin Holderman,18,2025,29,PIT,NL,0,2,.000,2,7.01,24,0,0,0,1,25.2,34,21,20,4,16,1,18,2,0,3,125,63,5.86,1.948,11.9,1.4,5.6,6.3,1.13,1,holdeco01
553,Brooks Kriske,18,2025,31,CHCMIN,ALNL,0,1,.000,1,7.50,16,0,0,0,0,18.0,20,15,15,1,15,1,18,0,0,1,88,57,4.36,1.944,10.0,0.5,7.5,9.0,1.20,1,kriskbr01
554,Elvin Rodríguez,18,2025,27,BALMIL,ALNL,0,2,.000,2,9.15,7,2,0,0,0,19.2,26,20,20,9,7,0,18,1,0,0,90,47,8.47,1.678,11.9,4.1,3.2,8.2,2.57,/1,rodriel02
555,Tyler Wells,18,2025,30,BAL,AL,2,1,.667,3,2.91,4,4,0,0,0,21.2,17,7,7,4,2,0,18,0,0,0,82,142,4.15,0.877,7.1,1.7,0.8,7.5,9.00,/1,wellsty01
556,Alexis Díaz,17,2025,28,ATLCINLAD,NL,1,0,1.000,1,8.15,18,0,0,0,0,17.2,15,17,16,6,12,0,17,5,0,0,85,55,8.51,1.528,7.6,3.1,6.1,8.7,1.42,1,diazal03
557,Grant Holman,17,2025,25,ATH,AL,4,2,.667,6,5.09,22,2,0,0,0,23.0,26,14,13,3,9,0,17,1,0,1,103,86,4.66,1.522,10.2,1.2,3.5,6.7,1.89,1,holmagr01
558,Seth Johnson,17,2025,26,PHI,NL,1,1,.500,2,4.26,10,0,0,0,0,12.2,11,8,6,3,4,0,17,0,0,1,54,107,4.48,1.184,7.8,2.1,2.8,12.1,4.25,1,johnsse01
559,Craig Kimbrel,17,2025,37,ATLHOU,ALNL,0,1,.000,1,2.25,14,0,0,0,0,12.0,10,4,3,2,7,0,17,0,0,0,49,194,4.22,1.417,7.5,1.5,5.3,12.8,2.43,1,kimbrcr01
560,Jorge López,17,2025,32,WSN,NL,6,0,1.000,6,6.57,26,0,0,0,1,24.2,25,18,18,1,7,0,17,3,0,3,106,65,3.50,1.297,9.1,0.4,2.6,6.2,2.43,1,lopezjo02
561,Joel Peguero,17,2025,28,SFG,NL,3,1,.750,4,2.42,17,0,0,0,0,22.1,15,7,6,2,8,1,17,0,1,0,86,167,3.85,1.030,6.0,0.8,3.2,6.9,2.13,1,peguejo01
562,Michael Petersen,17,2025,31,ATLMIA,NL,0,0,,0,4.00,15,0,0,0,0,18.0,18,11,8,3,7,2,17,0,0,2,79,110,4.58,1.389,9.0,1.5,3.5,8.5,2.43,1,petermi01
563,Brandon Sproat,17,2025,24,NYM,NL,0,2,.000,2,4.79,4,4,0,0,0,20.2,18,11,11,0,7,0,17,2,0,0,84,87,2.80,1.210,7.8,0.0,3.0,7.4,2.43,/1,sproabr01
564,Luinder Avila,16,2025,23,KCR,AL,1,1,.500,2,1.29,13,0,0,0,0,14.0,7,2,2,0,6,0,16,0,0,0,56,327,2.14,0.929,4.5,0.0,3.9,10.3,2.67,1,avilalu02
565,Beau Brieske,16,2025,27,DET,AL,1,3,.250,4,6.55,22,1,0,0,1,22.0,24,20,16,5,12,1,16,0,0,2,103,64,6.27,1.636,9.8,2.0,4.9,6.5,1.33,1,briesbe01
566,Ryan Johnson,16,2025,22,LAA,AL,1,1,.500,2,7.36,14,0,0,0,1,14.2,24,15,12,4,5,1,16,0,0,0,72,57,5.52,1.977,14.7,2.5,3.1,9.8,3.20,1,johnsry01
567,Zak Kent,16,2025,27,CLE,AL,1,0,1.000,1,4.58,12,0,0,0,0,17.2,17,10,9,1,8,0,16,1,1,3,76,92,3.59,1.415,8.7,0.5,4.1,8.2,2.00,1,kentza01
568,Scott McGough,16,2025,35,ARIATH,ALNL,0,0,,0,6.75,13,0,0,0,0,16.0,18,12,12,4,7,0,16,1,0,0,75,66,5.89,1.563,10.1,2.3,3.9,9.0,2.29,1,mcgousc01
569,Luis Peralta,16,2025,24,COL,NL,1,3,.250,4,9.47,22,0,0,0,0,19.0,26,22,20,6,18,0,16,2,1,1,101,52,8.71,2.316,12.3,2.8,8.5,7.6,0.89,1,perallu01
570,Nick Sandlin,16,2025,28,TOR,AL,0,2,.000,2,2.20,19,0,0,0,1,16.1,11,7,4,2,8,0,16,2,0,1,69,201,4.60,1.163,6.1,1.1,4.4,8.8,2.00,1,sandlni01
571,Hunter Stratton,16,2025,28,ATLPIT,NL,1,1,.500,2,5.21,15,0,0,0,1,19.0,23,12,11,3,7,0,16,3,0,0,89,84,5.08,1.579,10.9,1.4,3.3,7.6,2.29,1,strathu01
572,José Suarez,16,2025,27,ATL,NL,2,0,1.000,2,1.86,7,1,0,0,1,19.1,15,5,4,1,10,1,16,0,0,0,81,229,3.70,1.293,7.0,0.5,4.7,7.4,1.60,/1,suarejo01
573,Carson Whisenhunt,16,2025,24,SFG,NL,2,1,.667,3,5.01,5,5,0,0,0,23.1,22,14,13,6,12,0,16,2,0,2,102,80,6.91,1.457,8.5,2.3,4.6,6.2,1.33,/1,whiseca01
574,Trey Yesavage,16,2025,21,TOR,AL,1,0,1.000,1,3.21,3,3,0,0,0,14.0,13,5,5,0,7,0,16,0,0,0,62,138,2.35,1.429,8.4,0.0,4.5,10.3,2.29,/1,yesavtr01
575,Noah Davis,15,2025,28,LADMIN,ALNL,0,2,.000,2,18.00,9,0,0,0,0,11.0,22,24,22,7,6,0,15,7,0,1,65,25,12.23,2.545,18.0,5.7,4.9,12.3,2.50,/1,davisno01
576,Jake Eder,15,2025,26,LAA,AL,0,1,.000,1,4.91,8,0,0,0,0,18.1,15,10,10,3,9,1,15,1,0,3,78,85,5.26,1.309,7.4,1.5,4.4,7.4,1.67,/1,ederja01
577,Ian Gibaut,15,2025,31,CIN,NL,0,1,.000,1,4.62,25,0,0,0,0,25.1,26,13,13,3,8,0,15,0,0,0,109,97,4.44,1.342,9.2,1.1,2.8,5.3,1.88,1,gibauia01
578,Jackson Kowar,15,2025,28,SEA,AL,2,0,1.000,2,4.24,15,0,0,0,0,17.0,14,8,8,4,7,0,15,1,0,2,71,92,5.84,1.235,7.4,2.1,3.7,7.9,2.14,1,kowarja01
579,Tim Mayza,15,2025,33,PHIPIT,NL,0,0,,0,3.78,15,0,0,0,0,16.2,17,7,7,2,5,0,15,2,0,1,74,121,4.16,1.320,9.2,1.1,2.7,8.1,3.00,1,mayzati01
580,Julian Merryweather,15,2025,33,CHC,NL,0,1,.000,1,5.79,21,0,0,0,0,18.2,23,13,12,2,11,2,15,0,0,1,88,70,4.69,1.821,11.1,1.0,5.3,7.2,1.36,1,merryju01
581,Daniel Robert,15,2025,30,PHI,NL,0,0,,0,4.15,15,0,0,0,0,13.0,11,7,6,2,10,0,15,0,0,0,59,110,5.14,1.615,7.6,1.4,6.9,10.4,1.50,1,roberda11
582,Chris Roycroft,15,2025,28,STL,NL,1,3,.250,4,7.84,20,0,0,0,0,20.2,26,21,18,2,12,1,15,1,0,3,101,53,4.83,1.839,11.3,0.9,5.2,6.5,1.25,1,roycrch01
583,José Ruiz,15,2025,30,ATLPHI,NL,1,0,1.000,1,8.82,18,0,0,0,0,16.1,23,17,16,3,9,0,15,0,1,0,79,52,5.34,1.959,12.7,1.7,5.0,8.3,1.67,1,ruizjo01
584,Juan Burgos,14,2025,25,ARISEA,ALNL,1,1,.500,2,6.08,13,0,0,0,0,13.1,17,10,9,2,8,1,14,1,0,0,65,70,5.01,1.875,11.5,1.4,5.4,9.5,1.75,1,burgoju01
585,Chris Devenski,14,2025,34,NYM,NL,0,0,,0,2.16,13,1,0,0,0,16.2,10,4,4,1,5,0,14,2,0,0,65,194,3.50,0.900,5.4,0.5,2.7,7.6,2.80,1,devench02
586,Brandyn Garcia,14,2025,25,ARISEA,ALNL,0,2,.000,2,5.65,14,0,0,0,0,14.1,18,12,9,0,8,0,14,1,0,1,66,78,3.07,1.814,11.3,0.0,5.0,8.8,1.75,1,garcibr02
587,Trevor McDonald,14,2025,24,SFG,NL,1,0,1.000,1,1.80,3,2,0,0,0,15.0,13,6,3,1,2,0,14,0,0,1,60,226,2.54,1.000,7.8,0.6,1.2,8.4,7.00,/1,mcdontr01
588,Víctor Mederos,14,2025,24,LAA,AL,0,2,.000,2,7.41,5,3,0,0,0,17.0,18,14,14,4,12,0,14,3,0,1,81,56,7.19,1.765,9.5,2.1,6.4,7.4,1.17,/1,medervi01
589,A.J. Minter,14,2025,31,NYM,NL,0,0,,0,1.64,13,0,0,0,0,11.0,6,2,2,0,5,0,14,0,1,0,44,259,1.95,1.000,4.9,0.0,4.1,11.5,2.80,1,minteaj01
590,Roddery Muñoz,14,2025,25,STL,NL,0,0,,0,8.18,9,0,0,0,0,11.0,9,10,10,4,9,0,14,0,0,1,51,51,7.77,1.636,7.4,3.3,7.4,11.5,1.56,/1,munozro01
591,Colin Selby,14,2025,27,BAL,AL,0,2,.000,2,3.21,11,0,0,0,0,14.0,16,5,5,2,2,0,14,0,0,0,60,130,3.42,1.286,10.3,1.3,1.3,9.0,7.00,1,selbyco01
592,Hunter Strickland,14,2025,36,LAA,AL,1,2,.333,3,3.27,19,0,0,0,1,22.0,17,9,8,2,10,2,14,0,0,1,91,127,4.41,1.227,7.0,0.8,4.1,5.7,1.40,1,strichu01
593,Tyler Zuber,14,2025,30,MIANYM,NL,0,1,.000,1,11.25,10,0,0,0,0,12.0,17,15,15,3,6,1,14,0,0,0,59,40,5.55,1.917,12.8,2.3,4.5,10.5,2.33,1,zuberty01
594,Luis Contreras,13,2025,29,HOU,AL,0,0,,0,6.75,9,0,0,0,0,12.0,11,9,9,2,8,0,13,0,0,1,54,63,5.14,1.583,8.3,1.5,6.0,9.8,1.63,/1,contrlu01
595,Zach Maxwell,13,2025,24,CIN,NL,0,0,,0,4.50,8,0,0,0,0,10.0,10,5,5,3,4,0,13,0,0,0,43,102,5.64,1.400,9.0,2.7,3.6,11.7,3.25,/1,maxweza01
596,Easton McGee,13,2025,27,MIL,NL,0,0,,0,5.52,9,0,0,0,0,14.2,15,9,9,1,5,1,13,0,0,0,62,78,3.27,1.364,9.2,0.6,3.1,8.0,2.60,/1,mcgeeea01
597,Penn Murfee,13,2025,31,CHW,AL,0,1,.000,1,7.82,15,0,0,0,0,12.2,19,11,11,3,5,0,13,1,0,0,63,54,5.58,1.895,13.5,2.1,3.6,9.2,2.60,1,murfepe01
598,Chase Silseth,13,2025,25,LAA,AL,0,0,,0,1.64,10,0,0,0,0,11.0,10,2,2,1,6,1,13,1,0,1,49,259,3.86,1.455,8.2,0.8,4.9,10.6,2.17,1,silsech01
599,Lucas Sims,13,2025,31,WSN,NL,1,0,1.000,1,13.86,18,0,0,0,0,12.1,14,19,19,2,14,0,13,7,0,3,72,31,8.24,2.270,10.2,1.5,10.2,9.5,0.93,1,simslu01
600,Jordan Wicks,13,2025,25,CHC,NL,0,1,.000,1,6.28,8,0,0,0,1,14.1,24,12,10,2,1,0,13,0,0,0,67,65,3.34,1.744,15.1,1.3,0.6,8.2,13.00,/1,wicksjo01
